No Service,Tanggal Keluhan,Ket. Teknisi,Teknisi ,Deskripsi Pekerjaan (Maintanance),Divisi,Jenis pekerjaan,Lokasi,Foto Before,Tanggal Selesai,"Lead Time
(Hari)",Foto After
1,01/08/2024,Internal,Iwan,Atap gudang bumbu dan gudang tepung mentah bocor,Logistik,Infrastruktur,Gudang Cibeureum,,19/08/2024,18,
2,02/08/2024,Internal,Irawan,Lampu gudang Blast mati,Produksi,Elektronik,Produksi Ayam,,20/08/2024,18,
3,09/08/2024,External,Vendor,3 Timbangan merk sojikyo error,Produksi,Elektronik,Produksi Ayam,,21/08/2024,12,
4,09/08/2024,Internal,Dafa,Laptop Staf Stokis Keyboard Error dan Lemot,stokis,IT,Tamansari persada,,22/08/2024,13,
5,10/08/2024,Internal,Iwan,Slot mesin tepung 50kg patah,Logistik,Mesin,Gudang Cibeureum,,23/08/2024,13,
6,10/08/2024,Internal,Irawan,Lampu di area loading mati,Produksi,Elektronik,Produksi Ayam,,24/08/2024,14,
7,10/08/2024,Internal,Iwan,Pipa Vacum Thumbler terlepas dari mesin vacum,Produksi,Mesin,Produksi Ayam,,12/08/2024,2,
8,13/08/2024,Internal,Dafa,CCTV Gudang Cibereum Lama Lost Koneksi HP,Logistik,Elektronik,Gudang Cibeureum,,14/08/2024,1,
159,18/08/2024,Internal,Iyus," Pak minta tolong di bantu , Untuk pemasangan Terminal Listrik di Ruang miting Kemitraan ",Kemitraan,Instalasi Listrik,kemitraan,,29/10/2024,72,
9,19/08/2024,Internal,Iwan,Mesin Jahit Tepung Trouble,Logistik,Mesin,Gudang Cibeureum,,24/08/2024,5,
10,19/08/2024,Internal,Irawan,Rel gerbang depan gudang produksi amblas,Logistik,Infrastruktur,Gudang Cibeureum,,24/08/2024,5,
11,19/08/2024,Internal,Irawan,"Pemasangan CCTV (buat dudukan CCTV diatas, diruangan finance TSP)",Finance,Elektronik,Tamansari persada,,20/08/2024,1,
12,19/08/2024,Internal,Iyus,Pemasangan stop kontak disetiap meja karyawan Div.Finance,Finance,Infrastruktur,Tamansari persada,,02/09/2024,14,
13,19/08/2024,Internal,Iwan,Rel gerbang gudang tempat penyimpanan tepung mentah bengkok,Logistik,Infrastruktur,Gudang Cibeureum,,19/08/2024,0,
14,19/08/2024,Internal,Dafa, Printer Ruangan Event Promosi tidak berfungsi,Promosi & Event,Elektronik,Tamansari persada,,20/08/2024,1,
15,19/08/2024,Internal,Irawan,Kipas Angin tembok rusak,Logistik,Elektronik,Gudang Cibeureum,,,-,
16,19/08/2024,Internal,Iwan,Blower gudang tidak berfungsi,Logistik,Elektronik,Gudang Cibeureum,,17/09/2024,29,
17,19/08/2024,Internal,Iwan,stop kontak terbakar,Logistik,Elektronik,Gudang Cibeureum,,22/08/2024,3,
18,19/08/2024,Internal,Irawan,Tembok berlubang,Logistik,Infrastruktur,Gudang Cibeureum,,17/09/2024,29,
19,19/08/2024,Internal,Irawan,"Mesin produksi kapasitas 50 kg, trouble di bagian pully/panbelt",Logistik,Mesin,Gudang Cibeureum,,28/08/2024,9,
20,19/08/2024,Internal,Iwan,Bearing mesin parting rusak,Produksi,Mesin,Head Office,,20/08/2024,1,
21,19/08/2024,Internal,Irawan,2 unit exsos di dalam gudang produksi tidak menyala/Mati,Logistik,Elektronik,Gudang Cibeureum,,17/09/2024,29,
22,19/08/2024,Internal,Iyus,Tidak ada nya exsos di kamar mandi,Kemitraan,Elektronik,Tamansari persada,,26/08/2024,7,
23,19/08/2024,Internal,Iyus,Pemasangan gorden ruko kemitraan,Kemitraan,Infrastruktur,Tamansari persada,,21/08/2024,2,
24,19/08/2024,Internal,Iyus,Pemasangan lampu area tangga ruko kemitraan,Kemitraan,Elektronik,Tamansari persada,,22/08/2024,3,
25,19/08/2024,Internal,Dafa,Kerusakan charger laptop,Brand & Media,IT,Office IPB 2,,28/08/2024,9,
26,19/08/2024,Internal,Dafa,Wifi office depan kembali mengalami eror tidak ada data internet,Logistik,IT,Gudang Cibeureum,,20/08/2024,1,
27,19/08/2024,External,Vendor,Distokis lama pekanbaru Daya listrik belom diturun kan,stokis,Elektronik,Stokis Luar Kota,,26/08/2024,7,
28,19/08/2024,External,Vendor,Perbaikan bangunan bekas stokis pekanbaru,stokis,Infrastruktur,Stokis Luar Kota,,26/08/2024,7,
29,20/08/2024,Internal,Iwan,pipa air samping office belakang Cibereum mengalami kebocoran,Logistik,Infrastruktur,Gudang Cibeureum,,20/08/2024,0,
30,20/08/2024,Internal,Iwan,Pintu Office HO macet,Ekspedisi,Infrastruktur,Head Office,,20/08/2024,0,
31,20/08/2024,Internal,Dafa,Pemasangan router wifi di depan ruang Asset,Humas & Service,IT,Tamansari persada,,21/08/2024,1,
32,21/08/2024,Internal,Iwan,"Trouble Mesin Marinasi 50 kg, slot kunci patah",Logistik,Mesin,Gudang Cibeureum,,22/08/2024,1,
33,22/08/2024,Internal,Iwan,"Trouble Mesin Marinasi 100 kg, puly bagian bawah lepas",Logistik,Mesin,Gudang Cibeureum,,22/08/2024,0,
34,22/08/2024,Internal,Iwan," Engsel pada CS lama mengalami kendor pada baut, pada saat menutup mengalami macet",Logistik,Infrastruktur,Gudang Cibeureum,,22/08/2024,0,
35,22/08/2024,Internal,Iwan,Meminta jadwal plester pada area tersebut ,Logistik,Infrastruktur,Gudang Cibeureum,,31/08/2024,9,
36,22/08/2024,Internal,Iwan,Meminta jadwal plester pada area tersebut ,Logistik,Infrastruktur,Gudang Cibeureum,,24/08/2024,2,
37,22/08/2024,Internal,Irawan,Lampu PJU di area sekitar HO tiang rusak dan lampu mati,Humas & Service,Elektronik,Head Office,,06/09/2024,15,
38,22/08/2024,Internal,Iwan, renovasi / perbaikan rumah sinbad 2,Humas & Service,Infrastruktur,Sinbad 2,,26/08/2024,4,
39,22/08/2024,Internal,Irawan,renovasi / perbaikan troli kebutuhan buat bongkar muat barang,Ekspedisi,Infrastruktur,Head Office,,27/08/2024,5,
40,22/08/2024,Internal,Irawan," Colokan ke Mesin Absen IPB 1 rusak, setelah kemarin mati listrik",Finance,Elektronik,Office IPB1,,23/08/2024,1,
41,23/08/2024,Internal,Iwan,AC pada ruang meeting Cibereum 1 tidak dingin,Logistik,Elektronik,Gudang Cibeureum,,26/08/2024,3,
42,23/08/2024,Internal,Iyus,AC mengalami bocor,Kemitraan,Elektronik,Tamansari persada,,26/08/2024,3,
43,27/08/2024,Internal,Iwan,Tembok dan tiang pintu gerbang rusak ( tempat penyimpanan tepung dan bumbu ) tertabrak oleh mobil,Logistik,Infrastruktur,Gudang Cibeureum,,16/09/2024,20,
44,27/08/2024,External,Vendor,Freezer stokis pekanbaru tidak normal,stokis,Elektronik,Stokis Luar Kota,,,#NUM!,
45,27/08/2024,Internal,Iyus,Pemasangan kontak ruang HRD,HRD,Instalasi Listrik,Tamansari persada,,27/08/2024,0,
46,29/08/2024,Internal,Irawan,Pemasangan gagang pintu ruang manager logistik Cibereum 1,Logistik,Infrastruktur,Gudang Cibeureum,,30/08/2024,1,
47,29/08/2024,External,Vendor,meteran diruangan finance TSP keluar api dan asap,Finance,Elektronik,Tamansari persada,,,#NUM!,
48,29/08/2024,Internal,Iyus,Membuat slot kunci gudang OB TSP,Humas & Service,Infrastruktur,Tamansari persada,,29/08/2024,0,
49,30/08/2024,Internal,Dafa,"Laptop office gudang Cibereum, loading sangat lama lemot",Logistik,IT,Gudang Cibeureum,,30/08/2024,0,
50,30/08/2024,Internal,Irawan,Mohon untuk pengangkatan puing dan Kaca di gedung kemitraan,Kemitraan,Lingkungan,Tamansari persada,,31/08/2024,1,
51,31/08/2024,Internal,Iwan,kayu² bekas pengecoran dari pak edi minta di rapikan jangan di simpan di sini,Humas & Service,Lingkungan,Head Office,,01/09/2024,1,
52,02/09/2024,Internal,Iyus,ruangan Event Promosi dan Media apa bisa disediakan rak sendal atau sepatu sesuai dengan kebutuhan kami,Brand & Media,Lingkungan,Tamansari persada,,02/09/2024,0,
53,02/09/2024,Internal,Iyus,Minta tolong untuk pelepasan bangku² lipat yang ada di ruang kemitraan,Kemitraan,Infrastruktur,Tamansari persada,,03/09/2024,1,
54,02/09/2024,Internal,Iyus,"ruangan sales d TSP Ruko depan, bagian atap ini apa bisa ditutup agar bisa terlihat lebih rapih",Partnership & Support,Infrastruktur,Tamansari persada,,11/09/2024,9,
55,02/09/2024,Internal,Dafa, jaringan wifi d TSP Ruko mengalami gangguan dan terputus,Partnership & Support,IT,Tamansari persada,,02/09/2024,0,
56,02/09/2024,Internal,Iyus,Untuk area dapur dan kamar mandi ruko TSP ini apa bisa d tutup,Partnership & Support,Infrastruktur,Tamansari persada,,15/09/2024,13,
57,02/09/2024,Internal,Iwan,plafon lantai 2 Stokis cibinong copot,stokis,Infrastruktur,Stokis Cibinong,,,#NUM!,
58,02/09/2024,Internal,Iwan,Area gudang kering (Bumbu marinasi) H.O ada kebocoran dr atas atap menjalar ke dinding,Produksi,Infrastruktur,Head Office,,05/09/2024,3,
59,02/09/2024,Internal,Iwan,Terjadi kebocoran di gudang tempat penyimpanan tepung mentah dan plastik,Logistik,Infrastruktur,Gudang Cibeureum,,10/09/2024,8,
60,03/09/2024,Internal,Iwan,"mesin jahit Tidak menyala sama sekali, minta tolong perbaikannya",Logistik,Elektronik,Gudang Cibeureum,,03/09/2024,0,
61,03/09/2024,Internal,Irawan,*  Mohon dibantu pemasangan banner di bawah ac ruangan Finance TSP,Finance,Lingkungan,Tamansari persada,,04/09/2024,1,
62,03/09/2024,Internal,Iwan,"mesin marinasi kapasitas 50 kg, kapasitor terbakar",Logistik,Mesin,Gudang Cibeureum,,04/09/2024,1,
63,04/09/2024,Internal,Irawan,Merapihkan Instalasi Listrik,Direktur,Instalasi Listrik,Tamansari persada,,04/09/2024,0,
64,04/09/2024,Internal,Irawan,2 unit AC  Ruangan Stokis di TSP tidak dingin,stokis,Elektronik,Tamansari persada,,05/09/2024,1,
65,05/09/2024,Internal,Iwan,"Mesin marinasi kapasitas 100 kg,cakram otomatis lepas",Logistik,Mesin,Gudang Cibeureum,,06/09/2024,1,
66,05/09/2024,Internal,Iwan,"Mesin marinasi kapasitas 50 kg, mengeluarkan suara bising di bagian dinamo",Logistik,Mesin,Gudang Cibeureum,,06/09/2024,1,
67,05/09/2024,Internal,Dafa,Beberapa CCTV mati dan tidak merekam aktivitas area gudang cibereum,Logistik,IT,gudang cibeureum 2,,05/09/2024,0,
68,05/09/2024,Internal,Dafa,wifi gudang cibereum kurang koneksi ( lemot ) ,Logistik,IT,Gudang Cibeureum,,05/09/2024,0,
69,05/09/2024,Internal,Iyus,kamar mandi Tengah kantor TSP amblas lantainya pak,Humas & Service,Infrastruktur,Tamansari persada,,06/09/2024,1,
70,05/09/2024,Internal,Iyus,Minta tolong dipasangkan Banner dan stikcer untuk kantor kemitraan TSP,Kemitraan,Infrastruktur,Tamansari persada,,06/09/2024,1,
71,06/09/2024,Internal,Irawan," Coran gerbang besi nya sudah terlihat, minta di bantu perbaiki pak",Humas & Service,Infrastruktur,Tamansari persada,,07/09/2024,1,
72,06/09/2024,Internal,Irawan,"gerbang utama TSP lis nya ada yg copot pak, minta di perbaiki",Humas & Service,Infrastruktur,Tamansari persada,,28/09/2024,22,
73,08/09/2024,External,Vendor,"COOLSTORAGE lama kurang dingin angka suhu turun , berbeda dengan CS baru",Logistik,Mesin,gudang cibeureum 2,,16/09/2024,8,
74,09/09/2024,Internal,Iyus,minta tolong untuk pasang Whitebord di dua titik ini pak. Untuk pemasangan nya di ruang Brand Media,Brand & Media,Infrastruktur,Tamansari persada,,18/09/2024,9,
75,09/09/2024,Internal,Iwan,minta tolong untuk di cek stokis bogor keluhan ruko area basahan sejak tadi pagi listrik suka ngejepret,stokis,Elektronik,Stokis Bogor,,09/09/2024,0,
76,09/09/2024,Internal,Iyus,"Afwan, minta tolong untuk pasang Whitebord di ruang Event ya pak",Promosi & Event,Infrastruktur,Tamansari persada,,18/09/2024,9,
77,09/09/2024,Internal,Iyus,Dapur bocor sehingga lantai sangat licin dan freezer pun kehujanan (resiko rusak). Minta bantuannya untuk dilakukan pengecekan,Business Development,Infrastruktur,Tamansari persada,,15/09/2024,6,
78,10/09/2024,Internal,Iwan,minta tolong untuk di cek stokis Bekasi freezer tidak dingin,stokis,Elektronik,Tamansari persada,,16/09/2024,6,
79,11/09/2024,Internal,Vendor," freezer yg tidak terpakai distokis meruyung, menghalangi tim saat operasional, dan saat turun ayam dimalam hari, dan turun keringan tepung dihari ahad",stokis,Lingkungan,Stokis Meruyung,,13/09/2024,2,
80,11/09/2024,Internal,Iwan,"kran kamar mandi dibelakang gudang cibereum bocor, perlu di ganti krannya",Logistik,Infrastruktur,Gudang Cibeureum,,14/09/2024,3,
81,11/09/2024,Internal,Iyus,Plafon bocor di ruang brand-Media ( air netes setiap 9 detik ),Brand & Media,Infrastruktur,Tamansari persada,,20/09/2024,9,
82,12/09/2024,Internal,Iyus,Minta di bantu Instalasi colokan Listrik di ruangan admin Stokis TSP,stokis,Instalasi Listrik,Tamansari persada,,13/09/2024,1,
83,12/09/2024,Internal,Iyus,"Minta tolong d cek terkait jaringan wifi d tsp depan pada ruangan sales, sering mengalami gangguan",Kemitraan,IT,Tamansari persada,,12/09/2024,0,
84,13/09/2024,Internal,Iyus,Gypsum Partisi ruang admin lt.2 terbuka,Manufaktur,Infrastruktur,Tamansari persada,,14/09/2024,1,
85,14/09/2024,External,Vendor,"Mesin pompa air bocor, dan terus mengalir. Membuat area gudang tepung jadi ber-air dan lembab, risiko tepung kutuan",stokis,Mesin,Stokis Luar Kota,,16/09/2024,2,
86,14/09/2024,Internal,Vendor, timbangan produksi tepung eror minta di bantu perbaikannya,Logistik,Elektronik,Gudang Cibeureum,,18/09/2024,4,
87,14/09/2024,Internal,Vendor,Timbangan tidak bisa menyala sama sekali,Logistik,Elektronik,Gudang Cibeureum,,18/09/2024,4,
88,17/09/2024,Internal,Iyus,"Kaki freezer tim event patah, mau minta tolong dicekin",Marketing,Elektronik,Tamansari persada,,17/09/2024,0,
89,17/09/2024,Internal,Iyus,Bocor lumayan deras di gudang event,Marketing,Infrastruktur,Tamansari persada,,28/09/2024,11,
90,17/09/2024,Internal,Iwan,Mesin jahit tidak bisa di gunakan macet,Logistik,Mesin,Gudang Cibeureum,,17/09/2024,0,
91,19/09/2024,Internal,Iwan,Minta tolong bantu di kuras khawatir potensi DBD dan jadi sarang nyamuk,Logistik,Lingkungan,Gudang Cibeureum,,19/09/2024,0,
92,20/09/2024,Internal,Dafa,Dibantu untuk pengecekan Laptop Pak Wildan (Div.Finance) sering nyetrum dan loading parah (lola),Finance,IT,Office IPB1,,20/09/2024,0,
95,20/09/2024,Internal,Iwan,Pemasangan dudukan untuk proyektor di ruang meeting kecil cibereum,Logistik,Infrastruktur,Gudang Cibeureum,,25/09/2024,5,
136,20/09/2024,Internal,iyus Dan Fahmi ,Pembuatan jalur pembuangan toilet,Logistik,Infrastruktur,Gudang Cibeureum,,19/10/2024,29,
137,20/09/2024,Internal,Iwan,penggantian mesin dan pully,Logistik,Mesin,Gudang Cibeureum,,20/10/2024,30,
152,20/09/2024,Internal,Iwan,Pipa pembuangan  exsos mengalami kerusakan Mohon di bantu untuk perbaikan nya (Logistik),Produksi,Infrastruktur,Gudang Cibeureum,,28/10/2024,38,
97,23/09/2024,Internal,Iyus,Kran di kamar mandi dan kran yang di dapur (wastapel) belum terpasang(kantor finance),Finance,Infrastruktur,Kantor Finance BRP,,23/09/2024,0,
99,23/09/2024,Internal,Iwan,Mesin kapasitas 100 kg gir as nya lepas minta tolong di bantu perbaiki nya,Logistik,Mesin,Gudang Cibeureum,,23/09/2024,0,
158,24/09/2024,Internal,Iwan,pemasangan baru kipas angin di gudang ciberum,Produksi,Elektronik,Gudang Cibeureum,,29/10/2024,35,
102,25/09/2024,Internal,Iwan,-  Freezer 1 Bagian mesin sebelah kanan bunyi saat di nyalakan,stokis,Elektronik,Stokis Bogor,,27/09/2024,2,
103,25/09/2024,Internal,Iwan,"- Freezer 2 Kendala seal pintu tidak rapat saat di tutup, pendingin tidak maksimal saat di gunakan(indikator suhu mentok di -6°) serta di bagian dalam alumunium foilnya ada rembesan air",stokis,Elektronik,Stokis Bogor,,27/09/2024,2,
115,25/09/2024,Internal,Irawan,"ada puing"" dibelakang pos/samping kantor direksi TSP minta tolong dijadwalkan pak untuk di angkut",Humas & Service,Lingkungan,Tamansari persada,,05/10/2024,10,
116,26/09/2024,Internal,Iwan,"- Ada 6 titik penerangan yang lampunya meledak, redup dan mati
- 2 titik di kamar mandi office dan belakang
- 2 titik di dalam ruang office
- 2 titik di tempat penyimpanan area gudang tepung
- Minta di bantu untuk penerangannya pak",Logistik,Instalasi Listrik,Gudang Cibeureum,,30/09/2024,4,
116,26/09/2024,Internal,Iwan,"- Ada 6 titik penerangan yang lampunya meledak, redup dan mati
- 2 titik di kamar mandi office dan belakang
- 2 titik di dalam ruang office
- 2 titik di tempat penyimpanan area gudang tepung
- Minta di bantu untuk penerangannya pak",Logistik,Instalasi Listrik,Gudang Cibeureum,,30/09/2024,4,
107,27/09/2024,Internal,Irawan,"AC gudang cibereum bocor, netes",Logistik,Elektronik,Gudang Cibeureum,,28/09/2024,1,
118,27/09/2024,Internal,Vendor,Bocor area parkiran motor di TSP,Humas & Service,Infrastruktur,Tamansari persada,,05/10/2024,8,
119,28/09/2024,Internal,Iyus, tiang balon patah lagi.,Promosi & Event,Infrastruktur,Tamansari persada,,07/10/2024,9,
153,29/09/2024,Internal,Irawan,"Bismillah, mesin kapasitas 100 kg trabel di bagian cakram nya",Produksi,Mesin,Tamansari persada,,29/10/2024,30,
109,30/09/2024,Internal,Dafa, Internet tidak terkoneksi. Mohon bantuannya,Humas & Service,Elektronik,Tamansari persada,,01/10/2024,1,
111,30/09/2024,Internal,Iyus,Cctv BRP belum bisa diakses & 1 cctv belum terpasang,Finance,Elektronik,Kantor Finance BRP,,01/10/2024,1,
108,01/10/2024,Internal,Iyus,"stand tv gak bisa di diangkat, kayanya nyangkut di pipa nya, syukron pak.",Promosi & Event,Infrastruktur,Tamansari persada,,01/10/2024,0,
110,01/10/2024,Internal,Iwan,Mesin Marinasi produksi tepung ( 100 kg ) tidak bisa memutar. Mohon untuk segera di cek,Logistik,Mesin,Gudang Cibeureum,,01/10/2024,0,
112,02/10/2024,Internal,Iwan, Pintu gudang bahan baku kering perlu perbaikan (lepas dari rel & tidak bisa dikunci),Logistik,Infrastruktur,Gudang Cibeureum,,03/10/2024,1,
113,03/10/2024,Internal,Dafa,penggantian laptop baru ,Logistik,Elektronik,Gudang Cibeureum,,24/10/2024,21,
114,03/10/2024,Internal,Dafa,penggantian laptop baru ,Logistik,Elektronik,Gudang Cibeureum,,24/10/2024,21,
117,04/10/2024,Internal,Iyus,Area parkiran banjir karna saluran air yg di depan gerbang  mampet yg baru di cor. Jadi air masuk ke area parkir,Produksi,Infrastruktur,Head Office,,05/10/2024,1,
120,07/10/2024,Internal,Irawan,trobel mesin kapasitas 100kg gir as tidak muter tolong pak untuk perbaikannya,Logistik,Infrastruktur,Gudang Cibeureum,,09/10/2024,2,
124,07/10/2024,Internal,Vendor,kendala 1 freezer stokis bekasi uk 1200lt tercium bau sangit di bagian mesin,stokis,Elektronik,Stokis Bekasi,,13/10/2024,6,
121,08/10/2024,Internal,Dafa,"Body laptop bagian engsel patah, sehingga bagian engsel monitor lepas",Business Development,Elektronik,Tamansari persada,,09/10/2024,1,
122,08/10/2024,Internal,Iwan,"Office depan Cibereum, banjir air masuk, tolong bantu tinggikan tanggul nya pak , dan talang airnya copot ",Logistik,Infrastruktur,Gudang Cibeureum,,10/10/2024,2,
123,08/10/2024,Internal,Vendor,"- 1 titik Connector yg menyambung ke DVR rusak (perlu ganti connector)
- 2 titik kamera korslet, perlu ganti kamera baru  (indoor & outdoor) 
- Hardisk perlu ganti baru untuk bisa simpan & tracking data..
- Tetap bisa menyala untuk dipantau secara real-time tanpa hardisk
",stokis,Elektronik,Stokis Semarang,,13/10/2024,5,
138,08/10/2024,Internal,iwan dan irawan ,"Atap Fiber rusak dan lapuk , dan penggantian atap fiber baru",Logistik,Infrastruktur,gudang cibeureum 2,,23/10/2024,15,
139,10/10/2024,Internal,Irawan,pengisian preon ac di kemitraan ,Kemitraan,Perbaikan AC,kemitraan,,22/10/2024,12,
140,14/10/2024,Internal,iyus Dan Fahmi ,pemasangan slot dan gembok,Humas & Service,Infrastruktur,Tamansari persada,,21/10/2024,7,
125,15/10/2024,Internal,Dafa,Mesin finger print tidak terisi baterainya. Bantu dicek,Finance,Elektronik,Kantor Finance BRP,,15/10/2024,0,
141,16/10/2024,Internal,,"kursi patah, solusinya pengajuan baru atau bisa diperbaiki?",Asset,Infrastruktur,Tamansari persada,,16/10/2024,0,
126,17/10/2024,Internal,Irawan,"WiFi office depan error, kmren sempat di perbaiki pak Irawan dan bagus, skrng kembali eror tolong bantu di cek ",Logistik,Elektronik,Gudang Cibeureum,,17/10/2024,0,
127,17/10/2024,Internal,Irawan,"Bismillah, trobel mesin kapasitas 100 kg, spiral plat tengah nya lepas mohon untuk perbaikan nya pak",Logistik,Mesin,Gudang Cibeureum,,17/10/2024,0,
142,17/10/2024,Internal,Irawan,pengantian outdoor ac di ruang expedisi HO,Ekspedisi,Perbaikan AC,Head Office,,20/10/2024,3,
157,17/10/2024,Internal,Dafa, penggantian router,Business Development,IT,Tamansari persada,,29/10/2024,12,
128,18/10/2024,Internal,Dafa,"Afwan Pak, Minta tolong dicek printer di ruangan Marketing, hasil nya warna nya kurang bagus.",Business Development,Elektronik,Tamansari persada,,18/10/2024,0,
129,18/10/2024,Internal,Vendor,"Stokis Citayam info MCB nya ngjepret terus, konslet spertnya, saat ini 3 freezer mati",stokis,Instalasi Listrik,Stokis Citayeum,,18/10/2024,0,
130,18/10/2024,Internal,Dafa,"Printer eror, tidak bisa melakukan cetak",Business Development,Elektronik,Tamansari persada,,18/10/2024,0,
142,18/10/2024,Internal,iyus Dan Fahmi ,pencekan di ruang meeting kemitraan tapi tidak jadi di cat ulang ,Marketing,Infrastruktur,kemitraan,,21/10/2024,3,
155,18/10/2024,Internal,Iwan,Pembersihan puing di gudang ciberum,Produksi,Infrastruktur,Gudang Cibeureum,,29/10/2024,11,
131,21/10/2024,Internal,Dafa,"Pak minta tolong di bantu pak, laptop tidak ada lokal disk D , penyimpanan data D , ",Logistik,Elektronik,Gudang Cibeureum,,21/10/2024,0,
132,21/10/2024,Internal,Dafa,"Afwan pak, mau minta tolong untuk instal ulang laptop, karena pin login lupa tidak ada yang tau",Business Development,Elektronik,Tamansari persada,,22/10/2024,1,
133,21/10/2024,Internal,Dafa,"kang dafa Bisa di instal ulang lapotp ini,",Finance,Elektronik,Tamansari persada,,22/10/2024,1,
135,21/10/2024,Internal,Vendor,"Meteran Listrik di BRP terlihat Gosong, ada indikasi kebakar atau ngga ya, ",Finance,Instalasi Listrik,Kantor Finance BRP,,21/10/2024,0,
142,21/10/2024,Internal,iyus Dan Fahmi ,pembongkaran rak dan pemasangan kembali ke ruang media,Brand & Media,Infrastruktur,Tamansari persada,,21/10/2024,0,
134,22/10/2024,Internal,Rico,2 meja ini bantu disimpan di tim asset ya,Finance,Infrastruktur,Kantor Finance BRP,,22/10/2024,0,
198,22/10/2024,Internal,Iyus,pembuatan loket ,Asset,Infrastruktur,Tamansari persada,,11/11/2024,20,
143,24/10/2024,Internal,Fahmi ,perbaikan closet di kamar mandi tenangah di TSP,Humas & Service,Infrastruktur,Tamansari persada,,24/10/2024,0,
144,24/10/2024,Internal,Dafa,-  CCTV gudang cibereum 2 mati,Produksi,Infrastruktur,gudang cibeureum 2,,24/10/2024,0,
145,24/10/2024,Internal,Iyus,perbaikan/pengecekan kompor team event pematik 2 error dan cara penggunaan beda dari seperti yang normal nya.,Humas & Service,Elektronik,Tamansari persada,,24/10/2024,0,
146,24/10/2024,Internal,Irawan,perbaikan mesin steam di HO,Produksi,Mesin,Head Office,,24/10/2024,0,
156,24/10/2024,Internal,fahmi,setelah di cek sama tim aset untuk kursi jadi di ganti yang baru ,Asset,Infrastruktur,Tamansari persada,,29/10/2024,5,
192,24/10/2024,Internal,Iwan,pembuatan dudukan wifi,Produksi,Infrastruktur,Head Office,,07/11/2024,14,
231,24/10/2024,Internal,Iyus,perbaikan dispenser ruang media,Brand & Media,Elektronik,Tamansari persada,,22/11/2024,29,
147,25/10/2024,Internal,Irawan,pengelasan mesin 50 kg ,Produksi,Mesin,Gudang Cibeureum,,25/10/2024,0,
148,25/10/2024,Internal,Iyus,perbaikan pintu di kantor finance,Finance,Infrastruktur,Kantor Finance BRP,,26/10/2024,1,
160,25/10/2024,Internal,Iwan,Perbaikan pipa air,Produksi,Infrastruktur,Head Office,,30/10/2024,5,
168,25/10/2024,Internal,Iyus,pergantian mesin pompa aquarium,Humas & Service,Elektronik,Tamansari persada,,31/10/2024,6,
149,26/10/2024,Internal,Irawan,perbaikan ac di ciberum,Produksi,Perbaikan AC,Gudang Cibeureum,,26/10/2024,0,
150,26/10/2024,Internal,fahmi,Pintu Office HO macet,Ekspedisi,Infrastruktur,Head Office,,26/10/2024,0,
151,28/10/2024,Internal,Iyus, Afwan pak minta tolong untuk pemasangan rak dinding untuk office set up,Humas & Service,Infrastruktur,Tamansari persada,,28/10/2024,0,
154,28/10/2024,Internal,Dafa,"Afwan pak untuk printer admin tidak bisa ngeprint, tolong di cek ya",Humas & Service,Elektronik,Tamansari persada,,30/10/2024,2,
175,28/10/2024,Internal,Iwan,minta dibuatkan jembatan dari besi untuk jalan motor ke dalam kantor sinbad 4,Humas & Service,Infrastruktur,Sinbad 4,,04/11/2024,7,
178,28/10/2024,Internal,Dafa,perbaikan printer ,Produksi,IT,Gudang Cibeureum,,,#NUM!,
179,29/10/2024,Internal,Iyus,"Bantu untuk pemasangan lampu di ruangan arsip, untuk perlengkapan nya sudah ada di BRP",Finance,Instalasi Listrik,Kantor Finance BRP,,28/10/2024,#NUM!,
161,30/10/2024,Internal,Irawan,"Bismillah, TRABEL mesin 100 kg di bagian cakram nya",Produksi,Mesin,Gudang Cibeureum,,30/10/2024,0,
161,30/10/2024,Internal,Irawan,"Bismillah,kipas di gudang  produksi tepung mengeluarkan suara berisik",Produksi,Infrastruktur,Gudang Cibeureum,,30/10/2024,0,
162,30/10/2024,Internal,Irawan,"Afwan pak, minta tolong perbaikan whiteboard di ruangan office Manager cibereum kang",Produksi,Infrastruktur,Gudang Cibeureum,,30/10/2024,0,
163,30/10/2024,Internal,fahmi,pemasangan tirai di kemitraan ,Kemitraan,Infrastruktur,kemitraan,,30/10/2024,0,
164,30/10/2024,Internal,fahmi,pemasangan dudukan shower kawar mandi,Humas & Service,Infrastruktur,Tamansari persada,,30/10/2024,0,
165,30/10/2024,Internal,fahmi,pemasangan kabel HDMI di tsp ruangan dirops,Humas & Service,Infrastruktur,Tamansari persada,,30/10/2024,0,
166,30/10/2024,Internal,Irawan,penutupan lubang,Produksi,Infrastruktur,Gudang Cibeureum,,30/10/2024,0,
184,30/10/2024,Internal,Iwan,penggatian vanbelt,Produksi,Mesin,Head Office,,05/11/2024,6,
167,31/10/2024,Internal,fahmi,perakitan kursi,Humas & Service,Infrastruktur,Tamansari persada,,31/10/2024,0,
169,31/10/2024,Internal,Irawan,pergantian lampu di ruang Produksi,Produksi,Instalasi Listrik,Head Office,,31/10/2024,0,
170,31/10/2024,Internal,Iyus,perbaikan kaki kursi,Asset,Infrastruktur,Tamansari persada,,31/10/2024,0,
171,31/10/2024,Internal,Iwan,perbaikan dan pengelasan pintu gerbang di HO,Produksi,Infrastruktur,Head Office,,31/10/2024,0,
171,01/11/2024,Internal,Iyus,perbaikan ac ,Humas & Service,Perbaikan AC,Tamansari persada,,01/11/2024,0,
172,01/11/2024,Internal,Iyus,perbaikan bocor,Finance,Infrastruktur,Kantor Finance BRP,,01/11/2024,0,
173,01/11/2024,Internal,Irawan,perbaikan mesin tepung 50 kg ,Logistik,Mesin,Gudang Cibeureum,,01/11/2024,0,
174,01/11/2024,Internal,Irawan,perbaikan mesin tepung  100 kg ,Logistik,Mesin,Gudang Cibeureum,,01/11/2024,0,
176,04/11/2024,Internal,Iwan,perbaikan mesin ,Logistik,Mesin,Gudang Cibeureum,,04/11/2024,0,
177,04/11/2024,Internal,Dafa,perbaikan mouse,Brand & Media,IT,Tamansari persada,,04/11/2024,0,
180,5/11/2024,Internal,Iwan,"Afwan pak jalur tangga kantor HO Atapnya Bocor/rembes,lantainya jadi licin khawatir ada yang terpeleset, minta tolong di cek dan diperbaiki pak,Syukran Barakallahu fikum",Produksi,Infrastruktur,Head Office,,05/11/2024,0,
181,5/11/2024,Internal,Iwan,"engsel pintu utama (gerbang) gudang baru Cibereum patah pak , sehingga proses tutup dan buka cukup berat ,",Logistik,Infrastruktur,Head Office,,05/11/2024,0,
182,5/11/2024,Internal,Dafa,pembersihan head,Kemitraan,IT,kemitraan,,05/11/2024,0,
183,5/11/2024,Internal,Iyus,pemasangan benner,Finance,Infrastruktur,Kantor Finance BRP,,05/11/2024,0,
185,5/11/2024,Internal,Iyus,penutupan jendela ruang finance tsp,Asset,Infrastruktur,Tamansari persada,,05/11/2024,0,
219,05/11/2024,Internal,Iyus,pembuatan skat ,Finance,Infrastruktur,Kantor Finance BRP,,19/11/2024,14,
186,6/11/2024,Internal,Irawan,pengelasan timbangan ,Produksi,Mesin,Head Office,,06/11/2024,0,
187,6/11/2024,Internal,Irawan,perbaikan ac di media,Brand & Media,Perbaikan AC,Tamansari persada,,06/11/2024,0,
188,6/11/2024,Internal,Iyus,perbaikan saluran dan perbaikan yang bocor ,Direktur,Infrastruktur,Tamansari persada,,06/11/2024,0,
197,06/11/2024,Internal,Iyus,perbaikan yang bocor di ruang  dirut,Direktur,Infrastruktur,Tamansari persada,,08/11/2024,2,
200,06/11/2024,Internal,Iyus,perbaikan plafon,Direktur,Infrastruktur,Tamansari persada,,10/11/2024,4,
189,7/11/2024,Internal,Iwan,pemasangan tirai ,Produksi,Infrastruktur,Head Office,,07/11/2024,0,
190,7/11/2024,Internal,Iwan,pemasangan lampu di dirut,Direktur,Infrastruktur,Sinbad 4,,07/11/2024,0,
191,7/11/2024,Internal,Iwan,perbaikan yang bocor di kantor dirut,Direktur,Infrastruktur,Sinbad 4,,07/11/2024,0,
193,08/11/2024,Internal,Iwan,perbaikan plang,Produksi,Infrastruktur,Head Office,,08/11/2024,0,
194,08/11/2024,Internal,Iwan,pembersihan hexos,Direktur,Infrastruktur,Sinbad 4,,08/11/2024,0,
195,08/11/2024,Internal,Irawan,perbaikan mesin 50 kg ,Produksi,Mesin,Gudang Cibeureum,,08/11/2024,0,
196,08/11/2024,Internal,Irawan,perbaikan mesin 100 kg ,Produksi,Mesin,Gudang Cibeureum,,08/11/2024,0,
201,09/11/2024,Internal,Irawan,perbaikan yang bocor,Produksi,Infrastruktur,Head Office,,10/11/2024,1,
199,10/11/2024,Internal,Iyus,perbaikan kursi,Asset,Infrastruktur,Tamansari persada,,10/11/2024,0,
202,10/11/2024,Internal,Iwan,penggantian atap yang terbawa angin ,Produksi,Infrastruktur,Gudang Cibeureum,,12/11/2024,2,
206,11/11/2024,Internal,Irawan,perbaikan yang bocor di ciberum,Produksi,Infrastruktur,Gudang Cibeureum,,12/11/2024,1,
203,12/11/2024,Internal,Dafa,laptop lemot,Partnership & Support,IT,Tamansari persada,,12/11/2024,0,
204,12/11/2024,Internal,Iwan,fwan pak untuk perbaikan yg bocor kemaren masih bocor,Humas & Service,Infrastruktur,Sinbad 4,,12/11/2024,0,
205,12/11/2024,Internal,Iwan,pemasangan pisau parting,Produksi,Mesin,Head Office,,12/11/2024,0,
207,12/11/2024,Internal,Irawan,perbaikan dan pemasangan cctv,Produksi,IT,Gudang Cibeureum,,12/11/2024,0,
213,12/11/2024,Internal,Iyus,perbaikan bocor di BRP,Finance,Infrastruktur,Kantor Finance BRP,,13/11/2024,1,
208,13/11/2024,Internal,Irawan,perbaikan mesin 100 kg ,Produksi,Mesin,Gudang Cibeureum,,13/11/2024,0,
209,13/11/2024,Internal,Iyus,penutupan bocor ruang meeting besar,Humas & Service,Infrastruktur,Tamansari persada,,13/11/2024,0,
210,13/11/2024,Internal,Iyus,penutupan bocor ruang ,Humas & Service,Infrastruktur,Tamansari persada,,13/11/2024,0,
211,13/11/2024,Internal,Iwan,penggantian  vanbelt mesin jahit karung  ,Produksi,Mesin,Head Office,,13/11/2024,0,
212,14/11/2024,Internal,Irawan,perbaikan pintu ,Produksi,Infrastruktur,Head Office,,14/11/2024,0,
214,14/11/2024,Internal,Iwan,pemasangan kipas di stokis cibungbulang,stokis,Infrastruktur,Stokis Bogor,,14/11/2024,0,
215,14/11/2024,Internal,Dafa,pembersihan printer di ruangan admin,Humas & Service,IT,Tamansari persada,,14/11/2024,0,
216,16/11/2024,Internal,Iwan,perbaikan yang bocor ,Produksi,Infrastruktur,Gudang Cibeureum,,17/11/2024,1,
217,16/11/2024,Internal,Iwan,perbaikan mesin 50 kg ,Produksi,Mesin,Gudang Cibeureum,,17/11/2024,1,
218,17/11/2024,Internal,Iwan,pergantian silinder kunci ,Logistik,Infrastruktur,Gudang Cibeureum,,17/11/2024,0,
220,19/11/2024,Internal,Iwan,perbaikan kursi ,Logistik,Infrastruktur,Gudang Cibeureum,,19/11/2024,0,
221,19/11/2024,Internal,Iwan,perbaikan lampu ,Produksi,Infrastruktur,Head Office,,19/11/2024,0,
222,19/11/2024,Internal,Irawan,perbaikan ac ruang SM,Humas & Service,Perbaikan AC,Tamansari persada,,19/11/2024,0,
223,19/11/2024,Internal,Irawan,perbaikan ac ruang humas,Humas & Service,Perbaikan AC,Tamansari persada,,19/11/2024,0,
224,19/11/2024,Internal,Irawan,perbaikan yang bocor ,Logistik,Infrastruktur,Gudang Cibeureum,,20/11/2024,1,
225,19/11/2024,Internal,Iyus,perbaikan yang bocor ,Humas & Service,Infrastruktur,Tamansari persada,,20/11/2024,1,
226,20/11/2024,Internal,Irawan,perbaikan mesin ,Logistik,Mesin,Gudang Cibeureum,,20/11/2024,0,
227,21/11/2024,Internal,fahmi,pembersihan lahan parkir HO,Produksi,Infrastruktur,Head Office,,21/11/2024,0,
228,21/11/2024,Internal,Iwan,pembersihan solokan ,Logistik,Infrastruktur,Gudang Cibeureum,,21/11/2024,0,
229,21/11/2024,Internal,Irawan,perbaikan mesin tepung 50 kg,Humas & Service,Infrastruktur,Gudang Cibeureum,,21/11/2024,0,
230,21/11/2024,Internal,Iyus,perbaikan yang bocor di ruang interviwe,Humas & Service,Infrastruktur,Tamansari persada,,21/11/2024,0,
232,04/11/2024,Internal,Iyus,perbaikan dispenser ruang set up,Logistik,Elektronik,Tamansari persada,,22/11/2024,18,
233,22/11/2024,Internal,Iwan,pembuatan panel ,Finance,Instalasi Listrik,Kantor Finance BRP,,22/11/2024,0,
234,23/11/2024,Internal,Iyus,penutupan terepal untuk pemasangan skat,Produksi,Infrastruktur,Head Office,,23/11/2024,0,
235,23/11/2024,Internal,Irawan,perbaikan pintu kamar mandi ,Produksi,Infrastruktur,Head Office,,23/11/2024,0,
236,14/11/2024,Internal,Iyus,perbaikan dan pengelasan plang ,Promosi & Event,Infrastruktur,Tamansari persada,,25/11/2024,11,
237,05/11/2024,Internal,Irawan,Sudah dicek oleh teknisi harus di las dan menunggu kabel las an ,Produksi,Infrastruktur,Gudang Cibeureum,,28/11/2024,23,
238,05/11/2024,Internal,Iyus,Bocor dipojokan ruangan development dan juga kebocoran didapur RnD,Promosi & Event,Infrastruktur,Tamansari persada,,26/11/2024,21,
239,15/11/2024,Internal,Iyus,pemasangan meja loket ,Asset,Infrastruktur,Tamansari persada,,30/11/2024,15,
240,22/11/2024,Internal,Iwan,perbaikan yang bocor ,Produksi,Infrastruktur,Gudang Cibeureum,,26/11/2024,4,
241,25/11/2024,Internal,Irawan,pemasangan lampu di Ho,Produksi,Infrastruktur,Head Office,,25/11/2024,0,
242,26/11/2024,Internal,Irawan,perbaikan mesin 50 kg ,Produksi,Mesin,Gudang Cibeureum,,26/11/2024,0,
243,22/10/2024,External,Vendor,info pendingin ruang blast bermasalah sehingga kondisi barang dalam proses pembekuan tidak beku secara maksimal dan kondisi barang masih fresh  dibutuhkan pengecekan kerusakan mesin evap dan perbaikan nya,Produksi,Mesin,Head Office,,26/11/2024,35,
245,25/11/2024,Internal,Iyus,pemasangan neon box ,Finance,Infrastruktur,Kantor Finance BRP,,28/11/2024,3,
246,28/11/2024,Internal,Iwan,pelubangan meja marinasi ,Produksi,Infrastruktur,Head Office,,28/11/2024,0,
247,29/11/2024,Internal,Iyus,pemasangan stop kontak WIFI Kantor BRP,Finance,Instalasi Listrik,Kantor Finance BRP,,29/11/2024,0,
248,30/11/2024,Internal,Iwan,pemasangan intalasi listrik,Logistik,Instalasi Listrik,Head Office,,30/11/2024,0,
249,02/12/2024,Internal,fahmi,tarikan nya patah ,Promosi & Event,Elektronik,Tamansari persada,,02/12/2024,0,
250,02/12/2024,Internal,Iyus,perbaikan rel pintu ,Asset,Infrastruktur,Tamansari persada,,02/12/2024,0,
251,03/12/2024,Internal,Irawan,penutupan pintu  di HO,Logistik,Infrastruktur,Head Office,,03/12/2024,0,
252,04/12/2024,Internal,Irawan,pengelasan troli,Logistik,Infrastruktur,Head Office,,04/12/2024,0,
253,05/12/2024,Internal,Iwan,pemasangan papan jalan di HO,Logistik,Infrastruktur,Head Office,,05/12/2024,0,
254,05/12/2024,Internal,Irawan,pemasangan listrik di kantor TSP di ruang meeting kecil ,Humas & Service,Instalasi Listrik,Tamansari persada,,05/12/2024,0,
255,05/12/2024,Internal,Irawan,perbaikan pintu ,Kemitraan,Infrastruktur,Tamansari persada,,05/12/2024,0,
256,06/12/2024,Internal,Iwan,pemasangan pipa ,Produksi,Infrastruktur,Head Office,,06/12/2024,0,
257,06/12/2024,Internal,Iyus,pergantian kran air ,Humas & Service,Infrastruktur,Tamansari persada,,06/12/2024,0,
258,06/12/2024,Internal,Iyus,perbaikan cctv,Produksi,Elektronik,Head Office,,06/12/2024,0,
259,07/12/2024,Internal,Iwan,perbaikan listrik di gudang ciberum ,Produksi,Instalasi Listrik,Gudang Cibeureum,,07/12/2024,0,
260,08/12/2024,Internal,Iyus,perbaikan yang bocor ,Produksi,Infrastruktur,Gudang Cibeureum,,08/12/2024,0,
261,09/12/2024,Internal,Iwan,perbaikan mesin steam ,Produksi,Mesin,Head Office,,09/12/2024,0,
262,04/11/2024,Internal,Iwan,Renovasi dan perapihan kantor IPB 1,Humas & Service,Infrastruktur,Office IPB1,,10/12/2024,36,
263,10/01/2025,Internal,Iyus,perbaikan yang bocor ,Finance,Infrastruktur,Kantor Finance BRP,,10/12/2024,#NUM!,
264,09/01/2025,Internal,Iwan,perbaikan mesin tumbler,Produksi,Mesin,Head Office,,11/12/2024,#NUM!,
265,12/12/2024,Internal,Iyus,pemasangan gpsyum,Finance,Infrastruktur,Tamansari persada,,12/12/2024,0,
266,12/12/2024,Internal,Iyus,pemasangan gpsyum,Produksi,Mesin,Gudang Cibeureum,,12/12/2024,0,
267,13/12/2024,Internal,Iwan,pengelasan meja marinasi ,Produksi,Infrastruktur,Head Office,,13/12/2024,0,
268,13/12/2024,Internal,Iyus,perpihan rak di kantor tsp ,Humas & Service,Infrastruktur,Tamansari persada,,13/12/2024,0,
269,13/12/2024,Internal,Iyus,perbaikan yang bocor ,Humas & Service,Infrastruktur,Tamansari persada,,13/12/2024,0,
270,13/12/2024,Internal,Iyus,perakitan kursi,Humas & Service,Infrastruktur,Tamansari persada,,13/12/2024,0,
271,14/12/2024,Internal,Iwan,perbaikan saklar ,Produksi,Instalasi Listrik,Gudang Cibeureum,,14/12/2024,0,
272,15/12/2024,Internal,Irawan,perbaikan mesin 100 kg ,Produksi,Mesin,Gudang Cibeureum,,15/12/2024,0,
273,15/12/2024,Internal,Irawan,perbaikan mesin ac ,Produksi,Mesin,Head Office,,15/12/2024,0,
274,16/12/2024,Internal,Iyus,pengecetan pintu ,Humas & Service,Mesin,Tamansari persada,,16/12/2024,0,
275,16/12/2024,Internal,Iwan,pergantian saklar mesin parting,Produksi,Mesin,Head Office,,16/12/2024,0,
276,16/12/2024,Internal,Iwan,pengelasan meja marinasi ,Produksi,Mesin,Head Office,,16/12/2024,0,
277,17/12/2024,Internal,Iwan,pengelasan pagar ,Produksi,Mesin,kemitraan,,17/12/2024,0,
278,17/12/2024,Internal,Iyus,pemasangan pintu ,Humas & Service,Infrastruktur,Tamansari persada,,17/12/2024,0,
279,17/12/2024,Internal,Iwan,perbaikan yang bocor ,Produksi,Infrastruktur,Gudang Cibeureum,,17/12/2024,0,
280,18/12/2024,Internal,Iyus,pengecetan plafon,Humas & Service,Infrastruktur,Tamansari persada,,18/12/2024,0,
281,18/12/2024,Internal,Iyus,pemasangan handle pintu ,Finance,Infrastruktur,Kantor Finance BRP,,18/12/2024,0,
282,18/12/2024,Internal,Iyus,pengecetan plafon,Humas & Service,Infrastruktur,Tamansari persada,,18/12/2024,0,
283,19/12/2024,Internal,Iwan,perbaikan mesin marinasi ,Produksi,Mesin,Head Office,,19/12/2024,0,
284,19/12/2024,Internal,Iwan,perbaikan mesin tepug ,Logistik,Mesin,Gudang Cibeureum,,19/12/2024,0,
285,19/12/2024,Internal,Iyus,pencucian ac,Humas & Service,Infrastruktur,Sinbad 4,,19/12/2024,0,
286,20/12/2024,Internal,Iyus,perbaikan yang bocor ,Humas & Service,Infrastruktur,Tamansari persada,,20/12/2024,0,
287,20/12/2024,Internal,Iwan,perbaikan 3 mesin tepung ,Logistik,Mesin,Gudang Cibeureum,,20/12/2024,0,
288,20/12/2024,Internal,Iwan,pengelasan ,Produksi,Mesin,Head Office,,20/12/2024,0,
289,21/12/2024,Internal,Irawan,pengomponan,Produksi,Infrastruktur,Gudang Cibeureum,,21/12/2024,0,
290,22/12/2024,Internal,Iyus,pemasangan  lubang hexsos,Humas & Service,Infrastruktur,Tamansari persada,,22/12/2024,0,
291,23/12/2024,Internal,Iwan,perbaikan ac,Produksi,Mesin,Gudang Cibeureum,,23/12/2024,0,
292,23/12/2024,Internal,Iwan,perbaikan pintu gerbang ,Produksi,Infrastruktur,Gudang Cibeureum,,23/12/2024,0,
293,24/12/2024,Internal,Iyus,pemasangan hexsos ,Humas & Service,Infrastruktur,Tamansari persada,,24/12/2024,0,
294,24/12/2024,Internal,Iyus,perbaikan lampu tembak,set up,Infrastruktur,Tamansari persada,,24/12/2024,0,
295,25/12/2024,Internal,Iwan,perakitan panel,Humas & Service,Instalasi Listrik,Tamansari persada,,25/12/2024,0,
296,26/12/2024,Internal,Iyus,pemasangan temoat sabun ,Humas & Service,Infrastruktur,Tamansari persada,,26/12/2024,0,
297,27/12/2024,Internal,Irawan,perbaikan skalar listri mesin tepung ,Produksi,Infrastruktur,Gudang Cibeureum,,27/12/2024,0,
298,27/12/2024,Internal,Iwan,perbaikan pagar,Humas & Service,Infrastruktur,Office IPB1,,27/12/2024,0,
399,27/12/2024,Internal,Iwan,perbaikan pagar,Produksi,Mesin,Gudang Cibeureum,,27/12/2024,0,
300,28/12/2024,Internal,Iwan,pergantian lampu di ruang Produksi,Produksi,Instalasi Listrik,Head Office,,28/12/2024,0,
301,28/12/2024,Internal,Iyus,pemasangan kabel HDMI ,Finance,Instalasi Listrik,Kantor Finance BRP,,28/12/2024,0,
302,29/12/2024,Internal,Irawan,pembongkaran mesin tepung ,Produksi,Mesin,Gudang Cibeureum,,29/12/2024,0,
303,30/12/2024,Internal,Iwan,perbaikan mesin,Produksi,Mesin,Gudang Cibeureum,,30/12/2024,0,
304,30/12/2024,Internal,Iyus,pembalan parkiran ,Humas & Service,Infrastruktur,Tamansari persada,,30/12/2024,0,
305,30/12/2024,Internal,Irawan,perbaikan ac,Kemitraan,Infrastruktur,Tamansari persada,,30/12/2024,0,
306,31/12/2024,Internal,Irawan,perbaikan dispenser,Produksi,Infrastruktur,Gudang Cibeureum,,31/12/2024,0,
307,31/12/2024,Internal,Irawan,perbaikan cctv,Produksi,IT,Gudang Cibeureum,,31/12/2024,0,
308,31/12/2024,Internal,Iyus,pemasangan brangkas,Humas & Service,Infrastruktur,Tamansari persada,,31/12/2024,0,
309,1/1/2025,Internal,Iyus,perbaikan jahit karung ,Produksi,Elektronik,Head Office,,1/1/2025,0,
310,1/1/2025,Internal,Iyus,perbaikan timbangan ,Produksi,Elektronik,Head Office,,1/1/2025,0,
311,1/1/2025,Internal,Iyus,perbaikan kipas angin ,Produksi,Elektronik,Head Office,,1/1/2025,0,
312,2/1/2025,Internal,Irawan,perbaikan mesin 5 kg,Produksi,Mesin,Gudang Cibeureum,,2/1/2025,0,
313,2/1/2025,Internal,Iyus,perbaikan kursi ,Business Development,Infrastruktur,Tamansari persada,,2/1/2025,0,
314,2/1/2025,Internal,Iyus,perbaikan stop kontak RND,Promosi & Event,Instalasi Listrik,Tamansari persada,,2/1/2025,0,
315,3/1/2025,Internal,Iyus,Sudah 2 hari ini mcb di meteran turun (ngejepret),Finance,Instalasi Listrik,Kantor Finance BRP,,3/1/2025,0,
316,3/1/2025,Internal,Iyus,"Dibantu ya untuk ditutup, plafon kamar mandi ruang tengah lantai atas",Finance,Infrastruktur,Kantor Finance BRP,,3/1/2025,0,
317,3/1/2025,Internal,Iyus,AC di atas tidak dingin,Finance,Infrastruktur,Kantor Finance BRP,,3/1/2025,0,
318,3/1/2025,Internal,Irawan,perbaikkan mesin tepung ,Produksi,Mesin,Gudang Cibeureum,,4/1/2025,1,
318,3/1/2025,Internal,Irawan,perbaikkan mesin tepung ,Produksi,Mesin,Gudang Cibeureum,,4/1/2025,1,
320,29/12/2024,Internal,Iwan,cakram otomatis nya sudah haus harus di lalukan pergantian baru ,Produksi,Mesin,Gudang Cibeureum,,5/1/2025,7,
321,3/1/2025,Internal,Iyus,penambalan keramik  di seluruh toilet kantor tsp ,Humas & Service,Infrastruktur,Tamansari persada,,5/1/2025,2,
322,6/1/2025,Internal,Irawan,pengelasan dudukan mesin ,Produksi,Mesin,Head Office,,6/1/2025,0,
323,7/1/2025,Internal,Iwan,perbaikan pintu ,Produksi,Infrastruktur,Gudang Cibeureum,,7/1/2025,0,
324,7/1/2025,Internal,Iyus,perbaikan tiang marinasi ,Promosi & Event,Infrastruktur,Tamansari persada,,7/1/2025,0,
325,7/1/2025,Internal,Iyus,perbaikan gerobak event,Promosi & Event,Infrastruktur,Tamansari persada,,7/1/2025,0,
326,7/1/2025,Internal,Iyus,perbaikan kursi ,Finance,Infrastruktur,Tamansari persada,,7/1/2025,0,
327,7/1/2025,Internal,Irawan,pengelas troli ,Produksi,Infrastruktur,Head Office,,7/1/2025,0,
328,7/1/2025,Internal,Iyus,perbaikan troli,Promosi & Event,Infrastruktur,Tamansari persada,,7/1/2025,0,
329,8/1/2025,Internal,Iwan,perbaikan timbangan ,Produksi,Elektronik,Head Office,,8/1/2025,0,
330,8/1/2025,Internal,Iyus,pengelasan pagar ,Humas & Service,Infrastruktur,Tamansari persada,,8/1/2025,0,
331,3/1/2025,Internal,Irawan,pergantian lampu di ruang Produksi,Produksi,Infrastruktur,Gudang Cibeureum,,8/1/2025,5,
332,8/1/2025,Internal,Irawan,pengisian oli ,Produksi,Infrastruktur,Gudang Cibeureum,,8/1/2025,0,
333,9/1/2025,Internal,Irawan,pergantian lampu ,Produksi,Infrastruktur,Gudang Cibeureum,,9/1/2025,0,
334,9/1/2025,Internal,Iyus,perbaikan ac,Humas & Service,Infrastruktur,Tamansari persada,,9/1/2025,0,
335,9/1/2025,Internal,Iwan,pemasangan lantai blas,Produksi,Infrastruktur,Head Office,,11/1/2025,2,
336,10/1/2025,Internal,Iyus,perbaikan benner di kemitraan ,Kemitraan,Infrastruktur,Tamansari persada,,10/1/2025,0,
337,11/1/2025,Internal,Iwan,pemasangan pintu sleding,HRD,Infrastruktur,Tamansari persada,,11/1/2025,0,
338,11/1/2025,Internal,Iyus,perbaikan ac yang bocor ,Humas & Service,Infrastruktur,Tamansari persada,,11/1/2025,0,
339,11/1/2025,Internal,Iyus,perbaikan gerbang di kantor tsp ,Humas & Service,Infrastruktur,Tamansari persada,,11/1/2025,0,
340,12/1/2025,Internal,Irawan,perbaikan lantai blas di ho,Produksi,Infrastruktur,Head Office,,12/1/2025,0,
341,13/1/2025,Internal,Iyus,perbaikan keramik ,Humas & Service,Infrastruktur,Tamansari persada,,13/1/2025,0,
342,13/1/2025,Internal,Iyus,perbaikan mesin tepung ,Produksi,Mesin,Gudang Cibeureum,,13/1/2025,0,
343,14/1/2025,Internal,Iwan,perbaikan mesin tepung ,Produksi,Mesin,Gudang Cibeureum,,14/1/2025,0,
344,14/1/2025,Internal,Irawan,perbaikan lantai keramik,Produksi,Infrastruktur,Gudang Cibeureum,,14/1/2025,0,
345,15/1/2025,Internal,Iwan,perbaikan mesin ,Produksi,Mesin,Gudang Cibeureum,,15/1/2025,0,
346,15/1/2025,Internal,Iyus,perbaikan pintu kamar  mandi ,Humas & Service,Infrastruktur,Tamansari persada,,15/1/2025,0,
347,16/1/2025,Internal,Iyus,perbaikan gerbang di kantor brp,Finance,Infrastruktur,Kantor Finance BRP,,16/1/2025,0,
348,16/1/2025,Internal,Iyus,perbaikan pintu ,Humas & Service,Infrastruktur,Tamansari persada,,16/1/2025,0,
349,16/1/2025,Internal,Iyus,perbaikan pintu ,Humas & Service,Infrastruktur,Tamansari persada,,16/1/2025,0,
350,17/1/2025,Internal,Iyus,perbaikan pintu ,Humas & Service,Infrastruktur,Tamansari persada,,17/1/2025,0,
351,17/1/2025,Internal,Irawan,perbaikan mesin ,Produksi,Mesin,Gudang Cibeureum,,17/1/2025,0,
352,17/1/2025,Internal,Iwan,perbaikan kipas angin ,Produksi,Mesin,Head Office,,17/1/2025,0,
353,17/1/2025,Internal,Iyus,pemasangan skat HRD,HRD,Infrastruktur,Tamansari persada,,17/1/2025,0,
354,18/1/2025,Internal,Irawan,perbaikan mesin tepung ,Produksi,Mesin,Gudang Cibeureum,,18/1/2025,0,
355,18/1/2025,Internal,Irawan,perbaikan mesin tepung ,Produksi,Mesin,Gudang Cibeureum,,18/1/2025,0,
356,18/1/2025,Internal,Irawan,perbaikan mesin tepung ,Produksi,Mesin,Gudang Cibeureum,,18/1/2025,0,
357,19/1/2025,Internal,Iwan,perbaikan mesin tepung ,Produksi,Mesin,Gudang Cibeureum,,19/1/2025,0,
358,19/1/2025,Internal,Iwan,perbaikan 4 stopkontak,Produksi,Infrastruktur,Gudang Cibeureum,,19/1/2025,0,
359,19/1/2025,Internal,Iyus,pembuatan jembatan motor,Finance,Infrastruktur,Kantor Finance BRP,,19/1/2025,0,
360,20/1/2025,Internal,Iyus,pemasangan kunci di lemari lemari HRD,HRD,Infrastruktur,Tamansari persada,,20/1/2025,0,
361,20/1/2025,Internal,Irawan,perbaikan tombol mesin marinasi ,Produksi,Mesin,Head Office,,20/1/2025,0,
362,20/1/2025,Internal,Irawan,perbaikan mesin tepung ,Produksi,Mesin,Gudang Cibeureum,,20/1/2025,0,
363,20/1/2025,Internal,Iyus,perbaikan ac dan pembersihan ac,Promosi & Event,Infrastruktur,Tamansari persada,,20/1/2025,0,
364,20/01/2025,Internal,Irawan,Pengisian freon gudang cibereum 2,Logistik,Perbaikan AC,gudang cibeureum 2,,21/1/2025,1,
365,21/01/2025,Internal,Iyus,Pembuatan sekat Lemari seragam HRD,HRD,Infrastruktur,Tamansari persada,,21/1/2025,0,
366,22/01/2025,Internal,Irawan,pemanasan genset ,Produksi,Mesin,Head Office,,22/1/2025,0,
367,22/01/2025,Internal,Iyus,pengukuran lemari arsip ,Humas & Service,Infrastruktur,Tamansari persada,,22/01/2025,0,
368,22/01/2025,Internal,Iyus,perbaikan stop kontak sales,Marketing,Instalasi Listrik,Tamansari persada,,22/01/2025,0,
369,22/01/2025,Internal,Iwan,perbaikan timbangan di kantor ho ,Produksi,Elektronik,Head Office,,22/01/2025,0,
370,22/01/2025,Internal,Irawan,perbaikan lampu ,Produksi,Instalasi Listrik,Head Office,,22/01/2025,0,
371,23/01/2025,Internal,Irawan,pengecekan KWH lsitrik dan sudah di perbaiki oleh PLN,stokis,Instalasi Listrik,Stokis Bogor,,23/01/2025,0,
372,23/01/2025,Internal,Iyus,perbaikan plang,Promosi & Event,Infrastruktur,Tamansari persada,,23/01/2025,0,
373,23/01/2025,Internal,Irawan,pemasangan lampu ,Produksi,Infrastruktur,Gudang Cibeureum,,23/01/2025,0,
374,23/01/2025,Internal,Irawan,pemasangan papan tulis 3 titk,Produksi,Infrastruktur,Gudang Cibeureum,,23/01/2025,0,
375,23/01/2025,Internal,Irawan,perbaikan mesin tepung ,Produksi,Infrastruktur,Gudang Cibeureum,,23/01/2025,0,
376,23/01/2025,Internal,Irawan,perbaikan stop kontak ,Produksi,Instalasi Listrik,Gudang Cibeureum,,23/01/2025,0,
377,23/01/2025,Internal,Iyus,perbaikan dan penutupan yang bolong di dekat toilet belakang kantor tsp,Humas & Service,Infrastruktur,Tamansari persada,,23/01/2025,0,
378,24/01/2025,Internal,Iwan,perbaikan yang bocor di kantor HO,Produksi,Infrastruktur,Head Office,,24/01/2025,0,
379,24/01/2025,Internal,Irawan,Perbaikan plafon,Produksi,Infrastruktur,Head Office,,24/01/2025,0,
380,24/01/2025,Internal,Iyus,perbaikan stand baneer,Brand & Media,Infrastruktur,Tamansari persada,,24/01/2025,0,
381,24/01/2025,Internal,Irawan,perbaikan mesin 100 kg ,Produksi,Mesin,Gudang Cibeureum,,24/01/2025,0,
382,24/01/2025,Internal,Iyus,pembersihan talang air ,Humas & Service,Infrastruktur,Tamansari persada,,24/01/2025,0,
383,25/01/2025,Internal,Iyus,perbaikan mesin,Produksi,Mesin,Gudang Cibeureum,,25/01/2025,0,
384,25/01/2025,Internal,Iyus,perbaikan mesin jahit tepung,Produksi,Mesin,Gudang Cibeureum,,25/01/2025,0,
385,25/01/2025,Internal,Iwan,perabaikan kramik,Produksi,Infrastruktur,Gudang Cibeureum,,25/01/2025,0,
386,26/01/2025,Internal,Irawan,perbaikan ac,Produksi,Perbaikan AC,Head Office,,26/01/2025,0,
387,27/01/2025,Internal,Irawan,pemasangan whaitbord,Produksi,Infrastruktur,Head Office,,27/01/2025,0,
388,27/01/2025,Internal,Irawan,perbaikan mesin,Produksi,Mesin,Gudang Cibeureum,,27/01/2025,0,
389,28/01/2025,Internal,Iyus,perbaikan mesin,Produksi,Mesin,Gudang Cibeureum,,28/01/2025,0,
390,28/01/2025,Internal,Iyus,pemasangan alarm,Produksi,Mesin,Gudang Cibeureum,,28/01/2025,0,
391,29/01/2025,Internal,Irawan,Perbaikan mesin yg 50 kilo yg. E  DKASSET 1032,Produksi,Mesin,Gudang Cibeureum,,29/01/2025,0,
392,29/01/2025,Internal,Irawan,pengelasan dudukan mesin yg 50 kilo yg F DKASSET 1034,Produksi,Mesin,Gudang Cibeureum,,29/01/2025,0,
393,29/01/2025,Internal,Irawan,Penggantian camstater mesin yg A  DKASSET 1033,Produksi,Mesin,Gudang Cibeureum,,29/01/2025,0,
394,30/01/2025,Internal,Irawan,perbaikan mesin parting ,Produksi,Mesin,Head Office,,30/01/2025,0,
395,30/01/2025,Internal,Irawan,perpindahan ruang expedisi,Produksi,Mesin,Head Office,,30/01/2025,0,
396,30/01/2025,Internal,Irawan,"ismillah, perbaikan. Mesin tepung unit f",Produksi,Mesin,Gudang Cibeureum,,30/01/2025,0,
397,28/01/2025,Internal,Irawan,perbaikan gerbang ,Produksi,Mesin,Gudang Cibeureum,,30/01/2025,2,
398,31/01/2025,Internal,Iwan,perbaikan troli,Produksi,Infrastruktur,Head Office,,31/01/2025,0,
399,31/01/2025,Internal,Irawan,perbaikan timbangan ,Produksi,Infrastruktur,Head Office,,31/01/2025,0,
400,31/01/2025,Internal,Iyus,bawa barang dari kantor tsp ke ho ,Produksi,Infrastruktur,Tamansari persada,,31/01/2025,0,
401,01/02/2025,Internal,fahmi,pemasangan lampu di kantor kemitraan ,Kemitraan,Instalasi Listrik,Tamansari persada,,01/02/2025,0,
402,01/02/2025,Internal,Irawan,perbaikan mesin jahit tepung ,Produksi,Elektronik,Gudang Cibeureum,,01/02/2025,0,
405,02/02/2025,Internal,Iwan,perbaikan kanopi ,Humas & Service,Infrastruktur,Head Office,,02/02/2025,0,
403,02/02/2025,Internal,Iyus,perganti MCB,Humas & Service,Instalasi Listrik,Tamansari persada,,02/02/2025,0,
404,02/02/2025,Internal,Iyus,perbaikan intalasi listrik ,Humas & Service,Instalasi Listrik,Tamansari persada,,02/02/2025,0,
408,03/02/2025,Internal,Iwan,penutupan yang lubang agar tikut tidak masuk ,Produksi,Infrastruktur,Head Office,,03/02/2025,0,
409,03/02/2025,Internal,Iwan,pergantian lampu blaz,Produksi,Infrastruktur,Head Office,,03/02/2025,0,
410,03/02/2025,Internal,Iwan,pergantian 2 lampu PJU ,Produksi,Infrastruktur,Head Office,,03/02/2025,0,
411,03/02/2025,Internal,Iyus,perbaikan fingger print,Produksi,Elektronik,Gudang Cibeureum,,03/02/2025,0,
412,03/02/2025,Internal,Iyus,perbaikan bell ,Produksi,Elektronik,Gudang Cibeureum,,03/02/2025,0,
413,03/02/2025,Internal,Iyus,perbaikan bell ,Produksi,Elektronik,Gudang Cibeureum,,03/02/2025,0,
420,03/02/2025,Internal,Iyus,pemasangan spanduk di kantor  finace  BRP,Finance,Infrastruktur,Kantor Finance BRP,,04/02/2025,1,
406,03/02/2025,Internal,Iyus,pemanasan genset ,Produksi,Mesin,Gudang Cibeureum,,03/02/2025,0,
407,03/02/2025,Internal,Iyus,"Bismillah, perbaikan mesin tepung unit F trabel dari puli nya sudah aus/doll",Produksi,Mesin,Gudang Cibeureum,,03/02/2025,0,
423,04/02/2025,Internal,Irawan,pemasangan kipas angin produksi tepung ,Produksi,Elektronik,Gudang Cibeureum,,04/02/2025,0,
418,04/02/2025,Internal,Irawan,perbaikan pintu gerbang ciberum baru ',Produksi,Infrastruktur,gudang cibeureum 2,,04/02/2025,0,
416,04/02/2025,Internal,Irawan,pergantian lampu ,Produksi,Instalasi Listrik,Head Office,,04/02/2025,0,
417,04/02/2025,Internal,Irawan,Ganti fiting lampu an lampu yg 50 watt digudang baruu,Produksi,Instalasi Listrik,gudang cibeureum 2,,04/02/2025,0,
422,04/02/2025,Internal,Irawan,Pengantian camstater dimesin 100 klio yg G DKASSET 1031 Sebelum dan sesudah diganti,Produksi,Mesin,Gudang Cibeureum,,04/02/2025,0,
419,04/02/2025,Internal,Iwan,perbaikan dan pemasnagan pintu blasz,Produksi,Infrastruktur,Head Office,,04/02/2025,0,
414,04/02/2025,Internal,Iyus,perbaikan yang bocor  dikantor tsp ,GENERAL AFFAIR,Infrastruktur,Tamansari persada,,04/02/2025,0,
415,04/02/2025,Internal,Iyus,pemasangan spanduk di kantor tsp ruang  finace ,Humas & Service,Infrastruktur,Tamansari persada,,04/02/2025,0,
421,04/02/2025,Internal,Iyus,pemasangan ac,Finance,Perbaikan AC,Kantor Finance BRP,,04/02/2025,0,
424,05/02/2025,Internal,Irawan,perbaikan mesin ,Produksi,Mesin,Gudang Cibeureum,,05/02/2025,0,
425,05/02/2025,Internal,Irawan,perbaikan mesin ,Produksi,Mesin,Gudang Cibeureum,,05/02/2025,0,
427,05/02/2025,Internal,Iwan,pengukuran portal ,Produksi,Infrastruktur,Head Office,,05/02/2025,0,
425,05/02/2025,Internal,Iwan,perbaikan jalur kelistrikan panle ,Produksi,Instalasi Listrik,Head Office,,05/02/2025,0,
425,05/02/2025,Internal,Iwan,pemanasan genset ,Produksi,Mesin,Head Office,,05/02/2025,0,
430,06/02/2025,Internal,Irawan,pemasangan papan tulis 3,Produksi,Mesin,Head Office,,06/02/2025,0,
429,06/02/2025,Internal,Irawan,perbaikan ac,Produksi,Perbaikan AC,Head Office,,06/02/2025,0,
428,06/02/2025,Internal,Iwan,pemotongan rangka baja ringan ,Produksi,Infrastruktur,Gudang Cibeureum,,06/02/2025,0,
431,06/02/2025,Internal,Iyus,perbaikan saluran air ,Humas & Service,Infrastruktur,Tamansari persada,,06/02/2025,0,
432,06/02/2025,Internal,Iyus,perbaikan saluran air ,Humas & Service,Infrastruktur,Tamansari persada,,06/02/2025,0,
433,06/02/2025,Internal,Iyus,perbaikan saluran air ,Humas & Service,Infrastruktur,Tamansari persada,,06/02/2025,0,
434,06/02/2025,Internal,Iyus,perbaikan pembuangan ac ,Humas & Service,Perbaikan AC,Tamansari persada,,06/02/2025,0,
435,07/02/2025,Internal,Iwan,perbaikan mesin ,Produksi,Mesin,Head Office,,07/02/2025,0,
437,08/02/2025,Internal,Irawan,pemasangan partici,Produksi,Infrastruktur,Gudang Cibeureum,,08/02/2025,0,
439,08/02/2025,Internal,Iwan,pemasangan keramik ,Produksi,Infrastruktur,Gudang Cibeureum,,08/02/2025,0,
436,08/02/2025,Internal,Iyus,pengecekan area solokan ,Produksi,Infrastruktur,Kantor Finance BRP,,08/02/2025,0,
438,08/02/2025,Internal,Iyus,pengecekan air ,Produksi,Infrastruktur,Head Office,,08/02/2025,0,
440,09/02/2025,Internal,Irawan,perbaikan mesin tepung yg D DKASSET 1035,Produksi,Mesin,Gudang Cibeureum,,09/02/2025,0,
441,09/02/2025,Internal,Irawan,Pengelasan slot mesin H DKAsset 1407,Produksi,Mesin,Gudang Cibeureum,,09/02/2025,0,
442,09/02/2025,Internal,Irawan,Lanjut pengelasan dudukan mesin gierblok yg E DKSSET1,Produksi,Mesin,Gudang Cibeureum,,09/02/2025,0,
444,10/02/2025,Internal,Irawan,pemsangan kabel wifi,Produksi,Elektronik,Gudang Cibeureum,,10/02/2025,0,
445,10/02/2025,Internal,Irawan,Ganti baud yg patah seblm dan sesudah dimesin D  DKSSET 1035,Produksi,Mesin,Gudang Cibeureum,,10/02/2025,0,
443,10/02/2025,Internal,Iyus,pemebersihan ,Humas & Service,Infrastruktur,Tamansari persada,,10/02/2025,0,
446,10/02/2025,Internal,Iyus,pemsangan close dorr,Produksi,Infrastruktur,Head Office,,10/02/2025,0,
453,11/02/2025,Internal,Irawan,Perbaikann kursi yg patah dioffice cibereum,Produksi,Infrastruktur,Gudang Cibeureum,,11/02/2025,0,
454,11/02/2025,Internal,Irawan,Perbaikan kabel rol produksi 2 pcs,Produksi,Instalasi Listrik,Gudang Cibeureum,,11/02/2025,0,
447,11/02/2025,Internal,Irawan,Perbaikan mesin F yg DKASSET1034 pulinya kendor,Produksi,Mesin,Gudang Cibeureum,,11/02/2025,0,
452,11/02/2025,Internal,Irawan,Lanjut perbaikan puli baudnya patah dimesin D DKASSET 1035,Produksi,Mesin,Gudang Cibeureum,,11/02/2025,0,
448,11/02/2025,Internal,Iwan,Pengukuran plat bordes utk depan pintu ciler,Produksi,Infrastruktur,Head Office,,11/02/2025,0,
449,11/02/2025,Internal,Iwan,pemasangan tirai,Produksi,Infrastruktur,Head Office,,11/02/2025,0,
450,11/02/2025,Internal,Iyus,pemasangan kertas box,Produksi,Infrastruktur,Tamansari persada,,11/02/2025,0,
451,11/02/2025,Internal,Iyus,pengecetan ruaang dirops,Produksi,Infrastruktur,Tamansari persada,,11/02/2025,0,
461,12/02/2025,Internal,Irawan,Pengencangan mesin dan girblok,Produksi,Mesin,Gudang Cibeureum,,12/02/2025,0,
463,12/02/2025,Internal,Irawan,pembersihan ac,Produksi,Perbaikan AC,Head Office,,12/02/2025,0,
456,12/02/2025,Internal,Iwan,perbaikan mesin E tepung,Produksi,Mesin,Gudang Cibeureum,,12/02/2025,0,
458,12/02/2025,Internal,Iwan,Pengelasan dudukan mesin dinamo yg goyang di akibatkan tidak adanya baut kuncian mesin menyebabkan seringnya merusak puli dan menjadu aus,Produksi,Mesin,Gudang Cibeureum,,12/02/2025,0,
460,12/02/2025,Internal,Iwan,Perbaikan mesin tepung A,Produksi,Mesin,Gudang Cibeureum,,12/02/2025,0,
462,12/02/2025,Internal,Iwan,perbaikan mesin steam ,Produksi,Mesin,Head Office,,12/02/2025,0,
457,12/02/2025,Internal,Iyus,"perbaikan roda kursi yang patah, di ruang div. Stokis sebelum dan sesudah penggantian/selesai",stokis,Infrastruktur,Tamansari persada,,12/02/2025,0,
459,12/02/2025,Internal,Iyus,"Perbaikan kursi di ruang div, stokis selesai",stokis,Infrastruktur,Tamansari persada,,12/02/2025,0,
464,12/02/2025,Internal,Iyus,pembuatan skat ,Humas & Service,Infrastruktur,Tamansari persada,,12/02/2025,0,
468,13/02/2025,Internal,Irawan,perbaikan pintu blaz,Produksi,Infrastruktur,Head Office,,13/02/2025,0,
465,13/02/2025,Internal,Irawan,pengecekan ac,Produksi,Perbaikan AC,Head Office,,13/02/2025,0,
466,13/02/2025,Internal,Iwan,pemasangan lampu ,Produksi,Infrastruktur,Head Office,,13/02/2025,0,
470,13/02/2025,Internal,Iwan,pemasangan lampu 4 tiitk ,Produksi,Infrastruktur,Head Office,,13/02/2025,0,
467,13/02/2025,Internal,Iyus,pemasangan kaca ,Humas & Service,Infrastruktur,Tamansari persada,,13/02/2025,0,
469,13/02/2025,Internal,Iyus,perbaikan pintu blaz,Humas & Service,Infrastruktur,Tamansari persada,,13/02/2025,0,
471,13/02/2025,Internal,Iyus,pemasangan pintu ,Direktur,Infrastruktur,Tamansari persada,,13/02/2025,0,
472,13/02/2025,Internal,Iyus,pemasangan replektor di ruang finance,Finance,Infrastruktur,Tamansari persada,,13/02/2025,0,
474,14/02/2025,Internal,Irawan,pemasangan pully ,Produksi,Elektronik,Head Office,,14/02/2025,0,
475,14/02/2025,Internal,Irawan,perbaikan di stopkontak ,Produksi,Instalasi Listrik,Head Office,,14/02/2025,0,
473,14/02/2025,Internal,Irawan,pemasangan pully ,Produksi,Mesin,Gudang Cibeureum,,14/02/2025,0,
476,14/02/2025,Internal,Iyus,pengecekan saluran air,Humas & Service,Infrastruktur,Tamansari persada,,14/02/2025,0,
477,14/02/2025,Internal,Iyus,pengecekan saluran air,Humas & Service,Infrastruktur,Tamansari persada,,14/02/2025,0,
478,14/02/2025,Internal,Iyus,perbaikan ac,Humas & Service,Perbaikan AC,Tamansari persada,,14/02/2025,0,
479,15/02/2025,Internal,Iwan,pengawasan perbaikan dan pembersihan ac diops,Direktur,Perbaikan AC,Tamansari persada,,15/02/2025,0,
480,15/02/2025,Internal,Iwan,pengawasan perbaikan dan pembersihan ac SM ,Humas & Service,Perbaikan AC,Tamansari persada,,15/02/2025,0,
481,15/02/2025,Internal,Iwan,pengawasan perbaikan dan pembersihan ac interview,HRD,Perbaikan AC,Tamansari persada,,15/02/2025,0,
482,15/02/2025,Internal,Iwan,pengawasan perbaikan dan pembersihan ac RND,Promosi & Event,Perbaikan AC,Tamansari persada,,15/02/2025,0,
483,15/02/2025,Internal,Iwan,pengawasan perbaikan dan pembersihan ac it,Humas & Service,Perbaikan AC,Tamansari persada,,15/02/2025,0,
484,15/02/2025,Internal,Iwan,pengawasan perbaikan dan pembersihan ac asset,Asset,Perbaikan AC,Tamansari persada,,15/02/2025,0,
485,15/02/2025,Internal,Iwan,pengawasan perbaikan dan pembersihan ac HRD,HRD,Perbaikan AC,Tamansari persada,,15/02/2025,0,
486,15/02/2025,Internal,Iwan,pengawasan perbaikan dan pembersihan ac R meeting,Humas & Service,Perbaikan AC,Tamansari persada,,15/02/2025,0,
487,15/02/2025,Internal,Iwan,pengawasan perbaikan dan pembersihan ac stokis,Marketing,Perbaikan AC,Tamansari persada,,15/02/2025,0,
488,16/02/2025,Internal,Irawan,pengecekan AC dan preon seluruh ruangan BRP ,Finance,Perbaikan AC,Kantor Finance BRP,,16/02/2025,,
489,16/02/2025,Internal,Irawan,pengecekan AC dan preon di ruang HRD,HRD,Perbaikan AC,Tamansari persada,,16/02/2025,,
490,16/02/2025,Internal,Irawan,pengecekan AC dan preon di ruang IT,Humas & Service,Perbaikan AC,Tamansari persada,,16/02/2025,,
491,16/02/2025,Internal,Irawan,pengecekan AC dan preon di ruang admin ,Humas & Service,Perbaikan AC,Tamansari persada,,16/02/2025,,
492,16/02/2025,Internal,Iyus,pemasangan pully ,Produksi,Mesin,Gudang Cibeureum,,16/02/2025,,
493,16/02/2025,Internal,Iyus,pencucian AC  seluruh ruangan BRP ,Finance,Perbaikan AC,Kantor Finance BRP,,16/02/2025,,
494,17/02/2025,Internal,Iwan,pemasangan kipas angin pos satpam ,Produksi,Elektronik,Head Office,,17/02/2025,0,
495,17/02/2025,Internal,Iwan,emasangan lampu tembak area pintu blas dan cs,Produksi,Instalasi Listrik,Head Office,,17/02/2025,0,
496,17/02/2025,Internal,Iwan,pemasangan selang ,Produksi,Mesin,Head Office,,17/02/2025,0,
497,17/02/2025,Internal,Iyus,pembersihan aliran air di tsp,GENERAL AFFAIR,Infrastruktur,Gudang Cibeureum,,17/02/2025,0,
498,17/02/2025,Internal,Iyus,pembersihan kamar mandi tengah yang mampet ,Humas & Service,Infrastruktur,Gudang Cibeureum,,17/02/2025,0,
499,17/02/2025,Internal,Iyus,perbaikan pintu kamar mandi dirops,Direktur,Infrastruktur,Gudang Cibeureum,,17/02/2025,0,
500,17/02/2025,External,Vendor,pembuatan rangka skat ,Logistik,Infrastruktur,gudang bandung ,,17/02/2025,0,
501,18/02/2025,Internal,Irawan, perbaikan kabel roll produksi,Logistik,Instalasi Listrik,Gudang Cibeureum,,18/02/2025,,
502,18/02/2025,Internal,Irawan,Pengisian solar kegenset dicibereum,Logistik,Mesin,Gudang Cibeureum,,18/02/2025,,
503,18/02/2025,Internal,Iwan,mesin jahit d ciberem ,Logistik,Elektronik,Tamansari persada,,18/02/2025,0,
504,18/02/2025,Internal,Iwan,menyalakan genset cibereum,Logistik,Infrastruktur,Gudang Cibeureum,,18/02/2025,0,
505,18/02/2025,Internal,Iwan,Tumbler tidak bisa memutar ,Produksi,Mesin,Produksi Ayam,,18/02/2025,,
506,18/02/2025,Internal,Iyus,perbaikan kursi di ruang admin,Planner,Infrastruktur,Tamansari persada,,18/02/2025,0,
507,18/02/2025,Internal,Iyus, pengecekan bocoran di ruang kamar mandi dir'op,Direktur,Infrastruktur,Tamansari persada,,19/02/2025,,
508,18/02/2025,Internal,Iyus,perbaikan terminal stopkontak di ruang humas yang terbakar,Humas & Service,Instalasi Listrik,Tamansari persada,,18/02/2025,0,
509,18/02/2025,Internal,Iyus,perbaikan stopkontak terminal di pos scurity TSP,Humas & Service,Instalasi Listrik,Tamansari persada,,18/02/2025,,
510,18/02/2025,External,Vendor,jalur 3 phase trouble,Logistik,Instalasi Listrik,Gudang Cibeureum,,18/02/2025,1,
511,18/02/2025,External,Vendor,Perbaikan listrik yg mati ditepung cibereum oleh pihak PLn,Logistik,Instalasi Listrik,Gudang Cibeureum,,18/02/2025,,
512,19/02/2025,Internal,Irawan, perbaikan mesin jahit karung diproduksi diho,Produksi,Elektronik,Produksi Ayam,,19/02/2025,,
513,19/02/2025,Internal,Irawan,Perbaikan mesin jahit karung diproduksi tepung,Logistik,Elektronik,Gudang Cibeureum,,19/02/2025,,
514,19/02/2025,Internal,Irawan,Perbaikan mesin yg F DKASSET 1034,Logistik,Mesin,Gudang Cibeureum,,19/02/2025,,
515,19/02/2025,Internal,Iwan,Pengelasan penggantian roda meja marinasi,POULTRY,Infrastruktur,Produksi Ayam,,19/02/2025,,
516,19/02/2025,Internal,Iwan,Perbaikan setim,Logistik,Mesin,Produksi Ayam,,19/02/2025,,
517,19/02/2025,Internal,Iyus,pengencangan baut roda  troli team event,PROMO & EVENT,Infrastruktur,Tamansari persada,,19/02/2025,,
518,19/02/2025,Internal,Iyus,Proses penambalan bocoran di ruang kamar mandi dir'op,DIREKTUR,Infrastruktur,Tamansari persada,,19/02/2025,,
519,19/02/2025,Internal,Iyus, pengukuran instalasi kabel yang akan di pasang  bawah meja ruang meeting BRP lantai 2,Finance,Instalasi Listrik,Kantor Finance BRP,,19/02/2025,,
520,20/02/2025,Internal,Irawan,Pemasangan cctv dicibereum,WHEAT,Elektronik,Gudang Cibeureum,,20/02/2025,,
521,20/02/2025,Internal,Irawan,Perbaikan pipa dicibereum yg bocor,WHEAT,Infrastruktur,Gudang Cibeureum,,20/02/2025,,
522,20/02/2025,Internal,Irawan,Pengisian solat buat genset dicibereum,WHEAT,Mesin,Gudang Cibeureum,,20/02/2025,,
523,20/02/2025,Internal,Iwan,Pantau pemasangan portal,GENERAL AFFAIR,Infrastruktur,Head Office,,,,
524,20/02/2025,Internal,Iyus,membuka/pembongkaran kunci etalase piagam yang sudah dool/selek,KEMITRAAN,Infrastruktur,Tamansari persada,,20/02/2025,,
525,20/02/2025,Internal,Iyus,penggantian mesin akuariumdi TSP,GENERAL AFFAIR,Infrastruktur,Tamansari persada,,20/02/2025,,
526,20/02/2025,Internal,Iyus,proses penggantian lampu di depan office BRP 1 unit,FINANCE,Infrastruktur,Kantor Finance BRP,,20/02/2025,,
527,20/02/2025,Internal,Iyus,penggantian lampu di ruang tengah office TSP,GENERAL AFFAIR,Infrastruktur,Tamansari persada,,20/02/2025,,
528,21/02/2025,Internal,Iwan,pembuatan skat ruang bumbu,WHEAT,Infrastruktur,Head Office,,21/02/2025,,
529,21/02/2025,Internal,Iyus,perbaikan plafon kamar mandi dirops ,DIREKTUR,Infrastruktur,Tamansari persada,,21/02/2025,,
530,21/02/2025,Internal,Iyus,perbaikan wastafel ,KEMITRAAN,Infrastruktur,Tamansari persada,,21/02/2025,,
531,21/02/2025,Internal,Iyus,pengecetan portal ,GENERAL AFFAIR,Infrastruktur,Head Office,,22/02/2025,,
532,22/02/2025,Internal,Iwan,perbaikan mesin ,POULTRY,Infrastruktur,Head Office,,22/02/2025,,
533,22/02/2025,Internal,Iyus,pelanjutan pemasangan partici ,POULTRY,Infrastruktur,Head Office,,22/02/2025,,
534,23/02/2025,Internal,Irawan,penambalan lantai di depan cs ,POULTRY,Infrastruktur,Head Office,,23/02/2025,,
535,24/02/2025,Internal,Irawan,pemasangan gpsyum pada skat ,POULTRY,Infrastruktur,Head Office,,24/02/2025,,
536,24/02/2025,Internal,Iwan,pemasangan gpsyum pada skat ,POULTRY,Infrastruktur,Head Office,,24/02/2025,,
537,25/02/2025,Internal,Iwan,pengawasan pemasangan portal ,POULTRY,Infrastruktur,Head Office,,25/02/2025,,
538,25/02/2025,Internal,Irawan,perbaikan mesin jahit tepung ,POULTRY,Mesin,Gudang Cibeureum,,25/02/2025,,
539,25/02/2025,Internal,Iyus,perapihan ruangan aset ,POULTRY,Infrastruktur,Tamansari persada,,25/02/2025,,
540,25/02/2025,Internal,Irawan,pemasangan kipas angin ,POULTRY,Infrastruktur,Gudang Cibeureum,,25/02/2025,,
541,25/02/2025,Internal,Iwan,pembobokan RND,POULTRY,Infrastruktur,Tamansari persada,,25/02/2025,,
542,26/02/2025,Internal,Iwan,perbaikan gerbang ,POULTRY,Infrastruktur,Gudang Cibeureum,,26/02/2025,,
543,26/02/2025,Internal,Iyus,pemasangan stiker kaca ,KEMITRAAN,Infrastruktur,kemitraan,,26/02/2025,,
544,26/02/2025,Internal,Irawan,pengelasan meja marinasi ,POULTRY,Infrastruktur,Gudang Cibeureum,,26/02/2025,,
545,26/02/2025,Internal,Vendor,perbaikan yang mampet ,GENERAL AFFAIR,Infrastruktur,Tamansari persada,,26/02/2025,,
546,27/02/2025,Internal,Iyus,perbaikan wastafel ,GENERAL AFFAIR,Infrastruktur,Tamansari persada,,27/02/2025,,
547,27/02/2025,Internal,Iyus,perbaikan cctv ,DIREKTUR,Elektronik,Tamansari persada,,27/02/2025,,
548,27/02/2025,Internal,Iyus,pembutaan skat ruang admin ,GENERAL AFFAIR,Infrastruktur,Tamansari persada,,27/02/2025,,
549,27/02/2025,Internal,Irawan,pembersihan saluran air ,POULTRY,Infrastruktur,Gudang Cibeureum,,27/02/2025,,
550,27/02/2025,Internal,Irawan,perbaikan cctv ,POULTRY,Infrastruktur,Gudang Cibeureum,,27/02/2025,,
551,28/02/2025,Internal,Irawan,perbaikan cctv bersama tim IT,POULTRY,Infrastruktur,Gudang Cibeureum,,28/02/2025,,
552,28/02/2025,Internal,Iyus,pemasangan ppan tulis ,POULTRY,Infrastruktur,Gudang Cibeureum,,28/02/2025,,
553,28/02/2025,Internal,Iyus,pemasangan toilet ,GENERAL AFFAIR,Infrastruktur,Tamansari persada,,28/02/2025,,
554,28/02/2025,Internal,Iwan,pembuangan puing ,GENERAL AFFAIR,Infrastruktur,Gudang Cibeureum,,28/02/2025,,
556,01/03/2025,Internal,Irawan,pergantian MCB ,POULTRY,Instalasi Listrik,Gudang Cibeureum,,01/03/2025,,
555,01/03/2025,Internal,Irawan,perbaikan mesin ,POULTRY,Mesin,Gudang Cibeureum,,01/03/2025,,
557,02/03/2025,Internal,Iyus,pemasangan toilet ,GENERAL AFFAIR,Infrastruktur,Tamansari persada,,02/03/2025,,
558,02/03/2025,Internal,Iwan,Perbaikan mesin ,POULTRY,Mesin,Tamansari persada,,02/03/2025,,
561,03/03/2025,Internal,Irawan,perbaikan dudukan benang mesin jahit yang patah,POULTRY,Elektronik,Produksi Bandung,,,,
559,03/03/2025,Internal,Iyus,kencangkan mur kursi aset karena kendor dan mudah goyang khawatir copot atau patah,ASET,Infrastruktur,Tamansari persada,,03/03/2025,,
560,03/03/2025,Internal,Iwan,Penutupan lubang masuk tikus area pintu ciler,POULTRY,Infrastruktur,Produksi Ayam,,03/03/2025,,
563,03/03/2025,Internal,Iyus,pembuatan stok kontak ruang meeting di BRP,FINANCE,Instalasi Listrik,Kantor Finance BRP,,03/03/2025,,
562,03/03/2025,Internal,Irawan,Menganti oli stim diho,POULTRY,Mesin,Head Office,,,,
564,04/03/2025,Internal,Iyus,pengangkatan puing dan pengecoran lantai di ruang dapur RND,BUSDEV & RND,Infrastruktur,Tamansari persada,,04/03/2025,,
566,04/03/2025,Internal,Iwan,Memperbaiki troli yg patah,POULTRY,Infrastruktur,Head Office,,04/03/2025,,
568,04/03/2025,Internal,Iyus,pengukuran balkon lantai 2 yang akan di buat ruang arsip di office finance,FINANCE,Infrastruktur,Kantor Finance BRP,,04/03/2025,,
570,04/03/2025,Internal,Iyus,pemasangan appar di ruang tengah office TSP,GENERAL AFFAIR,Infrastruktur,Tamansari persada,,04/03/2025,,
571,04/03/2025,Internal,Iyus,pemasangan appar di ruang dir'op,DIREKTUR,Infrastruktur,Tamansari persada,,04/03/2025,,
572,04/03/2025,Internal,Iyus,perbaikan kursi di ruang media,MEDIA,Infrastruktur,Tamansari persada,,04/03/2025,,
565,04/03/2025,Internal,Iwan,memperbaiki mesin steam,POULTRY,Mesin,Head Office,,04/03/2025,,
567,04/03/2025,Internal,Irawan,Perbaikan puli dimesin E DKASSET1032,WHEAT,Mesin,Gudang Cibeureum,,04/03/2025,,
574,05/03/2025,Internal,Irawan,memperbaiki jembtan besi d gudang cibereum,WHEAT,Infrastruktur,Gudang Cibeureum,,05/03/2025,,
640,05/03/2025,Internal,Iwan,lampu di depan office kantor HO mati.,POULTRY,Mesin,Head Office,,19/03/2025,,
576,06/03/2025,Internal,Irawan,Pemasangan bender himbauan digudang cibereum seblm dan sesudahh,WHEAT,Infrastruktur,Gudang Cibeureum,,06/03/2025,,
577,06/03/2025,Internal,Iyus,"penggantian benner ,lantai dua depan kemitraan",KEMITRAAN,Infrastruktur,kemitraan,,06/03/2025,,
579,06/03/2025,Internal,Iyus,pengukuran tembok dinding  di ruang dir'op,DIREKTUR,Infrastruktur,Tamansari persada,,06/03/2025,,
578,06/03/2025,Internal,Irawan,Perbaikan mesin yg D DKASSET 1035,POULTRY,Mesin,Gudang Cibeureum,,06/03/2025,,
580,06/03/2025,Internal,Irawan, perbaikan puli yg lepas dimesin E DKASSET 1032,POULTRY,Mesin,Gudang Cibeureum,,06/03/2025,,
585,07/03/2025,Internal,Iwan,timbangan besar merk sojikyo sudah selesai di perbaiki dan di elas kembali oleh teknisi,POULTRY,Elektronik,Kantor Finance BRP,,07/03/2025,,
582,07/03/2025,Internal,Iyus,melanjutkan pembuatan Ruang admin,GENERAL AFFAIR,Infrastruktur,Tamansari persada,,07/03/2025,,
584,07/03/2025,Internal,Iyus,proses pemasangan GRC ruang admin,GENERAL AFFAIR,Infrastruktur,Tamansari persada,,07/03/2025,,
583,07/03/2025,Internal,Iwan,Pemasangan hendel pintu ciler,POULTRY,Mesin,,,07/03/2025,,
586,08/03/2025,Internal,Iyus,perbaikan grc di ruang admin ,GENERAL AFFAIR,Infrastruktur,Tamansari persada,,08/03/2025,,
587,08/03/2025,Internal,Iwan,pemasangan lampu ,POULTRY,Instalasi Listrik,Gudang Cibeureum,,09/03/2025,,
588,09/03/2025,Internal,Irawan,pengelasan gerbang ,POULTRY,Infrastruktur,Gudang Cibeureum,,09/03/2025,,
589,10/03/2025,Internal,Irawan,Bismilah perbaikan camstater dimesin yg 100 kilo yg G DKASSET 1031 seblm dan sesudah udah bisa dipake lagi,POULTRY,Mesin,Gudang Cibeureum,,10/03/2025,,
597,11/03/2025,Internal,Iyus,pembuatan skat ruang admin ,POULTRY,Infrastruktur,Tamansari persada,,12/03/2025,,
598,11/03/2025,Internal,Irawan,pomotongan drigen ,POULTRY,Infrastruktur,Head Office,,12/03/2025,,
600,11/03/2025,Internal,Iyus,pengukuran ruang stokis ,GENERAL AFFAIR,Infrastruktur,Tamansari persada,,12/03/2025,,
591,11/03/2025,Internal,Iwan,Perbaikan jalur listrik gudang 2vsekesai,POULTRY,Instalasi Listrik,Gudang Cibeureum,,11/03/2025,,
592,11/03/2025,Internal,Iwan,Perbaikan listrik  ,POULTRY,Instalasi Listrik,Gudang Cibeureum,,11/03/2025,,
590,11/03/2025,Internal,Irawan,Perbaikan mesin jahit 2 unit dicibereum,POULTRY,Mesin,Gudang Cibeureum,,11/03/2025,,
593,11/03/2025,Internal,Irawan,perbaikan mesin steam ,POULTRY,Mesin,Head Office,,12/03/2025,,
594,11/03/2025,Internal,Iwan,perbaikan mesin steam ,POULTRY,Mesin,Head Office,,12/03/2025,,
595,11/03/2025,Internal,Iwan,perbaikan troli ,POULTRY,Mesin,Head Office,,12/03/2025,,
596,11/03/2025,Internal,Irawan,perbaikan troli ,POULTRY,Mesin,Head Office,,12/03/2025,,
599,11/03/2025,Internal,Irawan,perbaikan ac,POULTRY,Perbaikan AC,Head Office,,12/03/2025,,
601,12/03/2025,External,Vendor,perbaikan yang bocor  dikantor tsp ,GENERAL AFFAIR,Infrastruktur,Tamansari persada,,12/03/2025,,
602,12/03/2025,External,Vendor,perbaikan pembuangan di kamar mandi dirops,GENERAL AFFAIR,Infrastruktur,Tamansari persada,,12/03/2025,,
603,12/03/2025,Internal,Irawan,pemasangan stiker line ,POULTRY,Infrastruktur,Gudang Cibeureum,,12/03/2025,,
604,12/03/2025,Internal,Iwan,pemasanga 4 banner ,POULTRY,Infrastruktur,Gudang Cibeureum,,12/03/2025,,
605,12/03/2025,Internal,Irawan,perbaikan gerbang ,POULTRY,Infrastruktur,Gudang Cibeureum,,12/03/2025,,
607,12/03/2025,Internal,Iyus,pelanjutan proses pembuatan ruang admin ,GENERAL AFFAIR,Infrastruktur,Tamansari persada,,12/03/2025,,
606,12/03/2025,Internal,Irawan,perbaikan mesin ,POULTRY,Mesin,Gudang Cibeureum,,12/03/2025,,
608,13/03/2025,Internal,Iyus,Bismillah melanjutkan pengomponan ruang admin,POULTRY,Infrastruktur,Tamansari persada,,13/03/2025,,
609,13/03/2025,Internal,Iwan,Pembuatan kran westapel produksi,POULTRY,Infrastruktur,Head Office,,13/03/2025,,
610,13/03/2025,Internal,Irawan,Penmbalan pencucian kaki  diporoduksi,POULTRY,Infrastruktur,Head Office,,13/03/2025,,
612,13/03/2025,Internal,Iwan,pemasangan handle pintu ,POULTRY,Infrastruktur,Gudang Cibeureum,,13/03/2025,,
613,13/03/2025,Internal,Iwan,perbaikan stopkeran ,POULTRY,Infrastruktur,Gudang Cibeureum,,13/03/2025,,
614,13/03/2025,Internal,Iyus,"Bismillah, pemasangan herbel lantai ruang admin",GENERAL AFFAIR,Infrastruktur,Tamansari persada,,13/03/2025,,
611,13/03/2025,Internal,Irawan,Pengecekan dan perbaikan ac diproduksi yg mati total,POULTRY,Perbaikan AC,Head Office,,13/03/2025,,
617,14/03/2025,Internal,Irawan,Penamblan ulang bak  pencucian kaki diproduksi,POULTRY,Infrastruktur,Head Office,,14/03/2025,,
615,14/03/2025,Internal,Iyus,"Bismillah, pengecekan instalasi jalur AC di area TSP",GENERAL AFFAIR,Instalasi Listrik,Tamansari persada,,14/03/2025,,
616,14/03/2025,Internal,Iyus,"Bismillah, perbaikan instalasi jalur AC di ruang media sudah hidup kembali",GENERAL AFFAIR,Instalasi Listrik,Tamansari persada,,14/03/2025,,
619,14/03/2025,Internal,Iyus,"Bismillah, izin untuk memindah kan colokan Wi-Fi,  colokan akuarium di ruang tengah office TSP",GENERAL AFFAIR,Instalasi Listrik,Tamansari persada,,14/03/2025,,
618,14/03/2025,Internal,Irawan,Panasin mesin genset diho,POULTRY,Mesin,Head Office,,14/03/2025,,
620,15/03/2025,Internal,Irawan,Bismilah penambalan yg bocor digudang tepung,POULTRY,Infrastruktur,Gudang Cibeureum,,15/03/2025,,
621,15/03/2025,Internal,Irawan,Bismilah penambalan yg bocor produksi tepung,POULTRY,Infrastruktur,Gudang Cibeureum,,15/03/2025,,
623,16/03/2025,Internal,Iyus,"Bismillah, penambalan bocoran di area atas parkiran TSP",GENERAL AFFAIR,Infrastruktur,Tamansari persada,,16/03/2025,,
624,16/03/2025,Internal,Iwan,Lanjut perapihan sampah area ofies ciberem,POULTRY,Infrastruktur,Gudang Cibeureum,,16/03/2025,,
625,16/03/2025,Internal,Iwan,Membuang sampah dan membakar sampah,POULTRY,Infrastruktur,Gudang Cibeureum,,16/03/2025,,
622,16/03/2025,Internal,Iwan,Pemasangan MCB baru,POULTRY,Instalasi Listrik,Gudang Cibeureum,,16/03/2025,,
626,16/03/2025,Internal,Iyus,"Bismillah, proses penarikan instalasi jalur listrik untuk ruang admin",GENERAL AFFAIR,Instalasi Listrik,Tamansari persada,,16/03/2025,,
627,16/03/2025,Internal,Iyus,"Bismillah, proses perbaikan mesin jahit tumpung",POULTRY,Mesin,Gudang Cibeureum,,16/03/2025,,
628,17/03/2025,Internal,Iyus,"Bismillah, melanjutkan pengerjaan ruang admin",GENERAL AFFAIR,Infrastruktur,Tamansari persada,,17/03/2025,,
629,17/03/2025,Internal,Iwan,Membersihkan pasir didepan pendopo diho,POULTRY,Infrastruktur,Head Office,,17/03/2025,,
630,17/03/2025,Internal,Iyus,"Bismillah, proses pemasangan rumah kunci",GENERAL AFFAIR,Infrastruktur,Tamansari persada,,17/03/2025,,
631,17/03/2025,Internal,Iyus,"Bismillah, penutupan jendela ruang H'U/ruang admin sebelum proses dan sesudah",GENERAL AFFAIR,Infrastruktur,Tamansari persada,,17/03/2025,,
632,17/03/2025,Internal,Iyus,Bismillah proses perbaikan talang air di samping ruang dir'op,GENERAL AFFAIR,Infrastruktur,Tamansari persada,,17/03/2025,,
633,17/03/2025,Internal,Irawan,Lanjut perbaikan dan pengantian puli bawah dimesinA DKSSET1033,POULTRY,Mesin,Gudang Cibeureum,,17/03/2025,,
634,17/03/2025,Internal,Iyus,"Bismillah, pengecekan AC di kemitraan yang bocor",KEMITRAAN,Perbaikan AC,Tamansari persada,,17/03/2025,,
636,18/03/2025,Internal,Iyus,pembersiham area depan ruang admin yang baru ,GENERAL AFFAIR,Infrastruktur,Tamansari persada,,18/03/2025,,
635,18/03/2025,Internal,Iyus,pemasangan instalasi jalur lampu dan stop kontak,GENERAL AFFAIR,Instalasi Listrik,Tamansari persada,,18/03/2025,,
637,18/03/2025,Internal,Iwan,memanaskan genset ,POULTRY,Mesin,Head Office,,18/03/2025,,
639,18/03/2025,Internal,Iwan,Perbaikan mesin setim,POULTRY,Mesin,Head Office,,18/03/2025,,
638,18/03/2025,Internal,Iwan,pengecekan AC di area produksi HO,POULTRY,Perbaikan AC,Head Office,,18/03/2025,,
641,19/03/2025,Internal,Iyus,plesteran lantai ruang admin ,GENERAL AFFAIR,Infrastruktur,Tamansari persada,,19/03/2025,,
665,19/03/2025,Internal,Iwan,Pemasangan kotak obat,POULTRY,Infrastruktur,Head Office,,24/03/2025,,
661,19/03/2025,Internal,Iwan,pemasangan kotak p3k,POULTRY,Mesin,Gudang Cibeureum,,24/03/2025,,
642,20/03/2025,Internal,Irawan,Perbaikan pipa air digudang cibereum,POULTRY,Infrastruktur,Gudang Cibeureum,,20/03/2025,,
643,20/03/2025,Internal,Iyus,"Bismillah, proses pengacian lantai ruang admin",GENERAL AFFAIR,Infrastruktur,Tamansari persada,,20/03/2025,,
644,20/03/2025,Internal,Iwan,pengecekan listrik di ruang produksi ,POULTRY,Instalasi Listrik,Gudang Cibeureum,,20/03/2025,,
645,21/03/2025,Internal,Iwan,Perbaikan pipa air Sanyo gudang ciberem,POULTRY,Infrastruktur,Gudang Cibeureum,,21/03/2025,,
646,21/03/2025,Internal,Irawan,Pengelasan troli diho,POULTRY,Infrastruktur,Head Office,,21/03/2025,,
647,21/03/2025,Internal,Iyus,"Bismillah, proses pemasangan tirai dan benner di area parkiran KR2 di TSP",GENERAL AFFAIR,Infrastruktur,Tamansari persada,,21/03/2025,,
648,21/03/2025,Internal,Irawan, ,POULTRY,Infrastruktur,Gudang Cibeureum,,21/03/2025,,
649,21/03/2025,Internal,Iyus, perapihan benner dan terpal  di area parkiran sebelum proses dan sesudah/selesai,GENERAL AFFAIR,Infrastruktur,Tamansari persada,,21/03/2025,,
650,22/03/2025,Internal,Iwan,Beresin sampal yg mau d buang kemitraan lama,KEMITRAAN,Infrastruktur,Head Office,,22/03/2025,,
651,22/03/2025,Internal,Iwan,membantu pindahan ke ciberum ,POULTRY,Infrastruktur,Gudang Cibeureum,,22/03/2025,,
652,22/03/2025,Internal,Iyus,"Bismillah, proses pengecatan ruang admin",GENERAL AFFAIR,Infrastruktur,Tamansari persada,,22/03/2025,,
653,22/03/2025,Internal,Iyus,Kang egi sedang membantu pindahan di tsp ,GENERAL AFFAIR,Infrastruktur,Tamansari persada,,22/03/2025,,
654,23/03/2025,Internal,Irawan,Lampu udah nyla kembali karenakn mcb kilo meter nya turunn,POULTRY,Instalasi Listrik,Gudang Cibeureum,,23/03/2025,,
657,24/03/2025,Internal,Iwan,Perbaikan mesin jahit,POULTRY,Elektronik,Gudang Cibeureum,,24/03/2025,,
659,24/03/2025,Internal,Iyus,perbaikan mesin jahit karung di Cibereum,POULTRY,Elektronik,Gudang Cibeureum,,24/03/2025,,
662,24/03/2025,Internal,Iyus,perbaikan mesin jahit karung di Cibereum,POULTRY,Elektronik,Gudang Cibeureum,,24/03/2025,,
664,24/03/2025,Internal,Iwan,Pemasangan plat moto,GENERAL AFFAIR,Infrastruktur,Head Office,,24/03/2025,,
656,24/03/2025,Internal,Iwan,Perbaikan 3 unit terminal mesin timbangan tepung,POULTRY,Instalasi Listrik,Gudang Cibeureum,,24/03/2025,,
663,24/03/2025,Internal,fahmi,Membantu pindahan dan memindahkan Terminal colokan dari ruang HRD lama ke ruang HRD baru,HRD,Instalasi Listrik,Tamansari persada,,24/03/2025,,
655,24/03/2025,Internal,Iwan,Memperbaiki mesin tepung A,POULTRY,Mesin,Gudang Cibeureum,,24/03/2025,,
658,24/03/2025,Internal,Iwan,Lanjut perbaikan mesin tepung E,POULTRY,Mesin,Gudang Cibeureum,,24/03/2025,,
660,24/03/2025,Internal,Iwan,Lanjut perbaikan mesin F,POULTRY,Mesin,Gudang Cibeureum,,24/03/2025,,
666,25/03/2025,Internal,fahmi,perakitan rak sepatu ,DIREKTUR,Infrastruktur,Tamansari persada,,25/03/2025,,
667,25/03/2025,Internal,Iyus,Pemasangan kotak p3k,GENERAL AFFAIR,Infrastruktur,Tamansari persada,,25/03/2025,,
668,25/03/2025,Internal,Iwan,Perbaikan gerbang utama ciberem,POULTRY,Infrastruktur,Gudang Cibeureum,,25/03/2025,,
669,25/03/2025,Internal,Iwan,Perbaikan pintu ciler,POULTRY,Infrastruktur,Gudang Cibeureum,,25/03/2025,,
670,25/03/2025,Internal,Irawan,Pegantian lampu diruangan pak alfian diho 2 pcs selesai,POULTRY,Instalasi Listrik,Head Office,,25/03/2025,,
671,25/03/2025,Internal,Iyus,peminisingan ruang admin selesai.,GENERAL AFFAIR,Infrastruktur,Tamansari persada,,25/03/2025,,
672,25/03/2025,Internal,Irawan,Perbaikan dan pengantian steker ac diruangan pak alfian selesai dan udah nyla kembali,POULTRY,Perbaikan AC,Head Office,,25/03/2025,,
673,25/03/2025,Internal,Iwan,Memperbaiki kursi yng patah tim. Produksi,POULTRY,Infrastruktur,Head Office,,25/03/2025,,
674,25/03/2025,Internal,Iwan,membongkar partisi di kantor ho ,POULTRY,Infrastruktur,Head Office,,26/03/2025,,
675,25/03/2025,Internal,Irawan,membongkar partisi di kantor ho ,POULTRY,Infrastruktur,Head Office,,26/03/2025,,
676,26/03/2025,Internal,Iyus,perbaikan intalasi listrik ,FINANCE,Instalasi Listrik,Kantor Finance BRP,,26/03/2025,,
677,26/03/2025,Internal,Irawan,perbaikan toren ,POULTRY,Infrastruktur,Gudang Cibeureum,,26/03/2025,,
678,25/03/2025,Internal,Tim OB dan CS,pembuangan puing ,GENERAL AFFAIR,Infrastruktur,Tamansari persada,,26/03/2025,,
679,23/03/2025,External,vendor ,"Freezer stokis babelan tidak dingin indikator suhunya di angka31°c, setelah di bersihkan masih tidak dingin dan keluar uap dari dalam freezer",STOKIS,Elektronik,Stokis Luar kota ,,25/03/2025,,
680,26/03/2025,Internal,Iyus, pencopotan rumah kunci di ruang legal & audit sebelum proses dan sesudah selesai,GENERAL AFFAIR,Infrastruktur,Tamansari persada,,26/03/2025,,
681,26/03/2025,Internal,Iyus,pemasangan slot gembok untuk lemari ,GENERAL AFFAIR,Infrastruktur,Tamansari persada,,26/03/2025,,
682,26/03/2025,Internal,Iwan,perbaikan mesin A,POULTRY,Mesin,Gudang Cibeureum,,26/03/2025,,
683,26/03/2025,Internal,Irawan,Perbaikan mesinyg A DKASSET 1033,POULTRY,Mesin,Gudang Cibeureum,,26/03/2025,,
684,27/03/2025,Internal,Iyus," penggantian kran air di kamar mandi office finance BRP, sebelum proses dan sesudah/selesa",FINANCE,Infrastruktur,Kantor Finance BRP,,27/03/2025,,
685,27/03/2025,Internal,Iwan, perbaikan jln digudamg cibereum,POULTRY,Infrastruktur,Gudang Cibeureum,,27/03/2025,,
686,27/03/2025,Internal,Irawan,Mengnti lampu yg putus digudang kering cibereum 1 pcs 18 watt,POULTRY,Instalasi Listrik,Gudang Cibeureum,,27/03/2025,,
687,28/03/2025,Internal,Irawan,perbaikan mesin steam ,POULTRY,Mesin,Head Office,,28/03/2025,,
689,28/03/2025,Internal,Iyus,permanasan genset ,POULTRY,Mesin,Gudang Cibeureum,,28/03/2025,,
690,28/03/2025,Internal,Irawan,perbaikan mesin jahit ,POULTRY,Mesin,Head Office,,28/03/2025,,
691,28/03/2025,Internal,Iyus,perbaikan toilet ,POULTRY,Infrastruktur,Gudang Cibeureum,,28/03/2025,,
692,28/03/2025,Internal,Iwan,pengecekan dan pengukuran ,POULTRY,Infrastruktur,Head Office,,28/03/2025,,
693,28/03/2025,Internal,Iwan,perbaikan dril ,POULTRY,Infrastruktur,Gudang Cibeureum,,28/03/2025,,
694,28/03/2025,Internal,Iwan,perbaikan dril ,POULTRY,Infrastruktur,Gudang Cibeureum,,28/03/2025,,
695,28/03/2025,Internal,Iwan,perbaikan dril ,POULTRY,Infrastruktur,Gudang Cibeureum,,28/03/2025,,
691,28/03/2025,Internal,Iyus,pembersihan solokan ,POULTRY,Infrastruktur,Gudang Cibeureum,,28/03/2025,,
692,02/04/2025,Internal,Iwan,pengawasan proyek ,POULTRY,Infrastruktur,Head Office,,02/04/2025,,
693,03/04/2025,Internal,Iwan,pengawasan proyek ,POULTRY,Infrastruktur,Head Office,,03/04/2025,,
694,04/04/2025,Internal,Iwan,pengawasan proyek ,POULTRY,Infrastruktur,Head Office,,04/04/2025,,
695,05/04/2025,Internal,Iwan,pengawasan proyek ,POULTRY,Infrastruktur,Head Office,,05/04/2025,,
696,06/04/2025,Internal,Iwan,pengawasan perbaikan mesin blas,POULTRY,Infrastruktur,Head Office,,06/04/2025,,
697,08/04/2025,Internal,Iwan,pengukuran bersama vendor ,POULTRY,Infrastruktur,Head Office,,08/04/2025,,
698,08/04/2025,Internal,Irawan,perbaikan ac,POULTRY,Infrastruktur,Head Office,,08/04/2025,,
699,08/04/2025,Internal,Iyus,pemasangan ruter dan penarikan jalur listrik ,GENERAL AFFAIR,Instalasi Listrik,Tamansari persada,,08/04/2025,,
700,08/04/2025,Internal,Iyus,pemasangan rumah kunci ,GENERAL AFFAIR,Infrastruktur,Tamansari persada,,08/04/2025,,
701,08/04/2025,Internal,Iyus,pengecekan jalur panel ,FINANCE,Instalasi Listrik,Kantor Finance BRP,,08/04/2025,,
702,09/04/2025,Internal,Iyus,pembuatan ruangan skat di brp,FINANCE,Infrastruktur,Kantor Finance BRP,,09/04/2025,,
703,09/04/2025,Internal,Iwan,pengecetan kusen yang rusak ,GENERAL AFFAIR,Infrastruktur,Gudang Cibeureum,,09/04/2025,,
704,09/04/2025,Internal,Iwan,pencabutan jendela,POULTRY,Infrastruktur,Head Office,,09/04/2025,,
705,10/04/2025,Internal,Irawan,pemansan genset ,POULTRY,Infrastruktur,Head Office,,10/04/2025,,
706,10/04/2025,Internal,Iyus,pengecekan panel ,POULTRY,Instalasi Listrik,Head Office,,10/04/2025,,
707,10/04/2025,Internal,Iyus,pembuatan ruangan skat di brp,FINANCE,Infrastruktur,Kantor Finance BRP,,10/04/2025,,
708,10/04/2025,Internal,Irawan,pergantian kipas,GENERAL AFFAIR,Infrastruktur,Gudang Cibeureum,,10/04/2025,,
709,11/04/2025,Internal,Iwan,perbaikan mesin jahit,POULTRY,Mesin,Head Office,,11/04/2025,,
710,11/04/2025,Internal,Iyus,pembuatan ruangan skat di brp,FINANCE,Infrastruktur,Kantor Finance BRP,,11/04/2025,,
711,11/04/2025,Internal,Iwan,perbaikan colokan ,POULTRY,Instalasi Listrik,Head Office,,11/04/2025,,
712,11/04/2025,Internal,Iwan,perbaikan intalasi listrilk,POULTRY,Mesin,Head Office,,11/04/2025,,
713,12/04/2025,Internal,Iyus,Pemasangan terminal untuk ruang legal,GENERAL AFFAIR,Instalasi Listrik,Kantor Finance BRP,,12/04/2025,,
714,12/04/2025,Internal,Iwan,Pembuatan meja buat layar cctv,POULTRY,Infrastruktur,Head Office,,12/04/2025,,
715,12/04/2025,Internal,Iyus,Izin report perbaikan kipas angin oleh kang egi di stokis ciomas,STOKIS,Mesin,Stokis Luar kota ,,12/04/2025,,
716,12/04/2025,Internal,Iwan,Pengecekan mesin thamler yg kendala,POULTRY,Mesin,Head Office,,12/04/2025,,
717,13/04/2025,Internal,Irawan,Izin report pak untuk pengerjaan  drainase di eksekusi oleh pak iwan dan juga pak irawan ,POULTRY,Infrastruktur,Head Office,,13/04/2025,,
718,13/04/2025,Internal,Iwan,Izin report pak untuk pengerjaan  drainase di eksekusi oleh pak iwan dan juga pak irawan ,POULTRY,Infrastruktur,Head Office,,13/04/2025,,
719,13/04/2025,Internal,Iwan,mpo panel mesin thamler tuba tiba mati sedang dalam proses perbaikan,POULTRY,Mesin,Head Office,,13/04/2025,,
720,14/04/2025,Internal,Iyus,"Bismillah,perapihan stopkontak diruang H'U Meja pak Paris, sebelum proses dan sesudah/selesai.",GENERAL AFFAIR,Instalasi Listrik,Kantor Finance BRP,,14/04/2025,,
721,14/04/2025,Internal,Iwan,Pemasangan cantel gembok gudang bumbu area parkir,GENERAL AFFAIR,Infrastruktur,Head Office,,14/04/2025,,
722,14/04/2025,Internal,Irawan,pembuatan skat ,FINANCE,Infrastruktur,Kantor Finance BRP,,14/04/2025,,
723,14/04/2025,Internal,Irawan,Memperbaiki cctv diruangan mesin diho,POULTRY,Infrastruktur,Head Office,,14/04/2025,,
724,14/04/2025,Internal,Iwan,Pembongkaran talang dan perapihan talang d office ciberem,POULTRY,Infrastruktur,Gudang Cibeureum,,14/04/2025,,
725,14/04/2025,Internal,Irawan,Penutupan samping area office ciberem,POULTRY,Infrastruktur,Gudang Cibeureum,,14/04/2025,,
726,15/04/2025,Internal,Iwan,Perbaikan mesin tepung F,POULTRY,Infrastruktur,Gudang Cibeureum,,15/04/2025,,
727,15/04/2025,Internal,Iyus,", melanjutkan pembuatan skatan ruang arsip",GENERAL AFFAIR,Infrastruktur,Kantor Finance BRP,,15/04/2025,,
728,15/04/2025,Internal,Iwan,Lanjut perbaikan mesin A,POULTRY,Mesin,Gudang Cibeureum,,15/04/2025,,
729,15/04/2025,Internal,Iyus,", pengecekan breket stending tv div, Iven. Karena roda baut sudah selek/doll solusi nya harus di lass.",GENERAL AFFAIR,Infrastruktur,Tamansari persada,,15/04/2025,,
730,15/04/2025,Internal,Iwan,Pembongkaran rak besi yang sempat tertunda karna perbaikan mesin,GENERAL AFFAIR,Infrastruktur,Head Office,,15/04/2025,,